Trend Başlık,Arama Hacmi
trabzonspor - konyaspor,200 B+
juventus - cagliari,20 B+
kasımpaşa - başakşehir,20 B+
gaziantep fk - eyüpspor,50 B+
monaco - psg,20 B+
nacional - benfica,20 B+
manchester city - leeds united,20 B+
atletico madrid - oviedo,10 B+
inter miami - new york city,2 B+
tottenham - fulham,10 B+
milan - lazio,5 B+
barcelona - alavés,50 B+
everton - newcastle united,5 B+
rizespor - kayserispor,50 B+
emekli maaş zammı enflasyon farkı,2 B+
güller ve günahlar 8 bölüm,5 B+
ben leman son bölüm,2 B+
juventus,20 B+
kick,20 B+
cillian murphy,1 B+
leverkusen - borussia dortmund,10 B+
sakaryaspor - ümraniyespor,10 B+
flamengo,1 B+
برشلونة ضد ألافيس,10 B+
hava durumu,200 B+
الطقس غدًا,20 B+
bayern münih - st. pauli,20 B+
marsilya,5 B+
fenerbahçe - galatasaray,10 B+
vanspor - serikspor,20 B+
timberwolves - celtics,200+
film izle türkçe dublaj,5 B+
milan,2 B+
erzurumspor - istanbulspor,10 B+
ernest muçi,5 B+
orkun özeller,2 B+
levante - athletic bilbao,2 B+
bedelli askerlik,5 B+
أتلتيكو مدريد ضد ريال أوفييدو,1 B+
brentford,2 B+
cizre,500+
atletico madrid,2 B+
30 kasım ne günü,200+
toki başvuru sonuçları ne zaman açıklanacak 2026,2 B+
paul onuachu,2 B+
keçiörengücü - iğdır fk,5 B+
sunderland - bournemouth,2 B+
pınar saka,1 B+
kızılçık şerbeti 115 bölüm,2 B+
trt 1 taşacak bu deniz 9 bölüm fragmanı,2 B+
açlık oyunları,500+
stoke - hull city,2 B+
iptv,500+
مان سيتي ضد ليدز,2 B+
موناكو ضد بي اس جي,2 B+
izmir hava durumu,10 B+
ediz hun,1 B+
kenan doğulu,1 B+
lvbel c5 konser,1 B+
parma - udinese,2 B+
çılgın sayısal loto çekilişi,1 B+
وضعیت هوای فردا,2 B+
ميلان ضد لاتسيو,500+
hatice ünal,1 B+
aurora,1 B+
mallorca - osasuna,2 B+
fenerbahçe taraftar kart,2 B+
taylor swift,200+
الاتحاد ضد الشباب,500+
alper potuk,1 B+
akaryakıta indirim,2 B+
ac milan,200+
lakers - mavericks,2 B+
man city vs leeds united,1 B+
gfk,1 B+
santos - sport recife,2 B+
fed faiz beklentisi,500+
samsung s26 ultra,1 B+
توتنهام ضد فولهام,200+
volkswagen arena,2 B+
forza horizon 6,500+
البايرن ضد سانت باولي,1 B+
akşam ezanı,5 B+
yedi kocalı hürmüz,500+
ligue 1,500+
özgür özel,1 B+
masterchef ayla,200+
weather,2 B+
weather tomorrow,1 B+
cemre baysel,1 B+
monaco vs psg,500+
indiana jones,500+
muslera,500+
genoa - verona,500+
hızlı ve öfkeli 9 oyuncuları,200+
eskişehirspor,500+
fortnite,200+
tyla,500+
nuggets - spurs,1 B+
الهلال ضد الفتح,500+
benjamin bouchouari,200+
bülent ersoy,100+
djiku,500+
muşspor,1 B+
union berlin - heidenheim,500+
барселона – алавес,500+
ilhan palut,500+
fenerbahçe kart,500+
salih ayhan kimdir,500+
بارسلونا مقابل دپورتیوو آلاوز,500+
sri lanka,200+
eskişehir,200+
juventus vs cagliari,200+
kandilli rasathanesi son depremler,1 B+
hoffenheim - augsburg,500+
fethiye hava durumu,1 B+
now canlı yayın izle,500+
kazım koyuncu,200+
leicester city - sheffield united,500+
onana,200+
karşıyaka sk,200+
serenay sarıkaya,500+
ilim yayma ödülleri,200+
sergio ramos,100+
29 kasım gram altın fiyatları,200+
paris fc,200+
luzern fc,100+
إيفرتون ضد نيوكاسل يونايتد,200+
thunder - suns,500+
يوفنتوس ضد كالياري,200+
arc raiders,500+
edin dzeko,200+
christ inao oulai,200+
galaxy s26 ultra,200+
konya,200+
28 kasım reyting sonuçları,500+
paris saint-germain,200+
emre altuğ,500+
edinburgh,200+
luiz gustavo,200+
muleka,200+
sinop,200+
ibrahim halil talay,200+
aydın hava durumu,500+
uşak hava durumu,500+
f1 sprint,200+
sömestr tatili ne zaman,200+
kedi,500+
et ve süt kurumu,200+
asgari ücret ne kadar,200+
kyk burs zammı,200+
vırat gemisi,200+
elektrik kesintisi,500+
ramazan ne zaman başlıyor,200+
kenan imirzalıoğlu,500+
serik,200+
shakira,200+
werder bremen - köln,100+
bayern vs fc st. pauli,100+
knicks - bucks,200+
gediz elektrik,200+
sinem kobal,200+
leyla tanlar,200+
özgür çelik,100+
cengiz durmaz adana,200+
diyanet işleri başkanlığı,200+
türkiye kupası,100+
windy,200+
john cena,100+
tuluğ çizgen,100+
adana namaz vakitleri,100+
marcao,100+
lakers,100+
azra akın,100+
kral kaybederse fragman,200+
clippers - grizzlies,100+
oya başar,100+
29 kasım hangi burç,100+
bilecik,100+
çanakkale hava durumu,200+
neymar,200+
austin reaves,100+
bursa'da hava durumu,100+
çankaya belediyesi emlak vergisi,100+
ü,100+
taksi,100+
