Rank,Trend
1,#FenerBizimSaranBizim
2,#düşündürücü
3,#kulakverin
4,#MemurDiyorki
5,Christmas
6,KuruluşOrhan
7,MertYazıcıoğlu
8,Mustafa Köseoğlu
9,OrhanBey
10,Timur Savcı
11,Gömlek
12,#DirtyDisinformation
13,Dilan Polat
14,Adli
15,Devletin
16,Genel Başkanımız
17,Goretzka
18,Yargı Paketi'nde
19,Nihat Özdemir
20,Anthony Musaba
21,Yaka
22,Fatih Terim
23,Bağımsız
24,3 Temmuz
25,Gömleğin
26,Hilmi
27,Fenerbahçe Başkanı
28,Sanane
29,Rezan Epözdemir
30,Ege'de
31,MASAK
32,Tuğyan Ülkem Gülter
33,Devlete
34,Ali Koç
35,Neymar
36,Cumhurbaşkanımız Sayın
37,Cumhurbaşkanı Erdoğan'dan
38,Regaip Kandili
39,AK Parti Genel Merkez
40,Mutlu Noeller
41,Fenerbahçeliler
42,Serhat
43,Aziz Yıldırım
44,Taurasi
45,Berna
46,Fiilen Çalıştık
47,25 Aralık Perşembe
48,Kokain
49,Dennis
50,Negatif
51,#FenerBizimSaranBizim
52,#düşündürücü
53,#DirtyDisinformation
54,Christmas
55,KuruluşOrhan
56,Mustafa Köseoğlu
57,#OrhanBey
58,Anthony Musaba
59,MertYazıcıoğlu
60,Dilan Polat
61,Adli
62,Genel Başkanımız
63,Bağımsız
64,Hilmi
65,Fatih Terim
66,Rezan Epözdemir
67,Gömlek
68,#sasa
69,Sanane
70,Devletin
71,Yaka
72,Cumhurbaşkanı Erdoğan'dan
73,Ege'de
74,3 Temmuz
75,Gömleğin
76,MASAK
77,Timur Savcı
78,Regaip Kandili
79,Tuğyan Ülkem Gülter
80,Neymar
81,Nihat Özdemir
82,Ali Koç
83,Devlete
84,Yargı Paketi'nde
85,Mutlu Noeller
86,Fenerbahçeliler
87,Cumhurbaşkanımız Sn
88,Fenerbahçe Başkanı
89,Taurasi
90,AK Parti Genel Merkez
91,Serhat
92,Kardeş Libya
93,Şekip Mosturoğlu
94,Kokain
95,Berna
96,Aziz Yıldırım
97,Fiilen Çalıştık
98,Parayla
99,Negatif
100,Tırnak
101,#SadettinSaranYalnızDeğildir
102,#DirtyDisinformation
103,Adli
104,Anthony Musaba
105,Bağımsız
106,Hilmi
107,Mustafa Köseoğlu
108,Christmas
109,Dilan Polat
110,Genel Başkanımız
111,Cumhurbaşkanı Erdoğan'dan
112,Rezan Epözdemir
113,3 Temmuz
114,Regaip Kandili
115,Tuğyan Ülkem Gülter
116,Sanane
117,Fatih Terim
118,#EmeklininMaaşıEnAz50BinOlmalı
119,Neymar
120,Ali Koç
121,Timur Savcı
122,Taurasi
123,Kokain
124,Mutlu Noeller
125,Ege'de
126,Devlete
127,MASAK
128,Fenerbahçe Başkanı
129,#sasa
130,Aziz Yıldırım
131,Fenerbahçeliler
132,Berna
133,Kardeş Libya
134,şekip mosturoğlu
135,#çarşamba
136,Serhat
137,Koko
138,Negatif
139,AK Parti Genel Merkez
140,Ortadaki
141,Tırnak
142,Ezgi Fındık
143,İstifa
144,Pozitif
145,Fiilen Çalıştık
146,Lube
147,Depozito
148,Fenerbahçeyi
149,Başkanımızın
150,Başkanın
151,#DirtyDisinformation
152,#SadettinSaranYalnızDeğildir
153,Adli
154,Bağımsız
155,Neymar
156,Dilan Polat
157,Sanane
158,Cumhurbaşkanı Erdoğan'dan
159,Ali Koç
160,Regaip Kandili
161,Tuğyan Ülkem Gülter
162,Rezan Epözdemir
163,Timur Savcı
164,Kokain
165,3 Temmuz
166,Taurasi
167,Fenerbahçe Başkanı
168,Christmas
169,#EmeklininMaaşıEnAz50BinOlmalı
170,Genel Başkanımız
171,Fatih Terim
172,Fenerbahçeliler
173,Aziz Yıldırım
174,Berna
175,Kardeş Libya
176,Devlete
177,Şekip Mosturoğlu
178,Mutlu Noeller
179,MASAK
180,Koko
181,#MahkumAilesindenCHPyeOyYok
182,#çarşamba
183,Ezgi Fındık
184,Negatif
185,Serhat
186,İstifa
187,Ulaş
188,AK Parti Genel Merkez
189,Ortadaki
190,Fenerbahçeye
191,Lube
192,Tırnak
193,EnBüyükSuçlu ŞoförMü
194,Depozito
195,Pozitif
196,Fiilen Çalıştık
197,Başkanımızın
198,Başkanın
199,Steven
200,Ertan
201,#SadettinSaranYalnızDeğildir
202,Adli
203,Bağımsız
204,Sanane
205,Taurasi
206,3 Temmuz
207,Neymar
208,Timur Savcı
209,Ali Koç
210,Kokain
211,Berna
212,#EmeklininMaaşıEnAz50BinOlmalı
213,Fenerbahçe Başkanı
214,Fenerbahçeliler
215,Aziz Yıldırım
216,Dilan Polat
217,Christmas
218,Serhat
219,#çarşamba
220,Fatih Terim
221,Rezan Epözdemir
222,#MahkumAilesindenCHPyeOyYok
223,Regaip Kandili
224,Şekip Mosturoğlu
225,Ezgi Fındık
226,Koko
227,#agrot
228,İstifa
229,MASAK
230,Fenerbahçeyi
231,Pozitif
232,Başkanın
233,Tırnak
234,Depozito
235,EnBüyükSuçlu ŞoförMü
236,Lube
237,24 Aralık
238,Testi
239,Başkanımızın
240,Negatif
241,AK Parti Genel Merkez
242,Pele
243,Libya
244,Fiilen Çalıştık
245,Devam
246,Ertan
247,ortadaki
248,Kumpas
249,Mutlu Noeller
250,WE ARE CLEAN
251,#SadettinSaranYalnızDeğildir
252,Adli
253,Bağımsız
254,Sanane
255,Ali Koç
256,Taurasi
257,3 Temmuz
258,Neymar
259,Timur Savcı
260,Kokain
261,Berna
262,#EmeklininMaaşıEnAz50BinOlmalı
263,Fenerbahçe Başkanı
264,Fenerbahçeliler
265,Dilan Polat
266,Aziz Yıldırım
267,Christmas
268,Fatih Terim
269,#çarşamba
270,Rezan Epözdemir
271,#MahkumAilesindenCHPyeOyYok
272,Regaip Kandili
273,Şekip Mosturoğlu
274,Ezgi Fındık
275,Serhat
276,Koko
277,#agrot
278,İstifa
279,MASAK
280,Fenerbahçeyi
281,Pozitif
282,Tırnak
283,Depozito
284,EnBüyükSuçlu ŞoförMü
285,Lube
286,24 Aralık
287,Testi
288,Başkanın
289,Başkanımızın
290,AK Parti Genel Merkez
291,Negatif
292,Pele
293,Libya
294,Devam
295,Fiilen Çalıştık
296,Ertan
297,ortadaki
298,Kumpas
299,Mutlu Noeller
300,WE ARE CLEAN
301,#SeninleyizSadettinSaran
302,Adli
303,Neymar
304,Kokain
305,3 Temmuz
306,ali koç
307,Timur Savcı
308,Bağımsız
309,Sanane
310,Aziz Yıldırım
311,Fenerbahçe Başkanı
312,#çarşamba
313,Berna
314,Fenerbahçeliler
315,Taurasi
316,#EmeklininMaaşıEnAz50BinOlmalı
317,Serhat
318,#MahkumAilesindenCHPyeOyYok
319,Şekip Mosturoğlu
320,Koko
321,İstifa
322,Dilan Polat
323,Ezgi Fındık
324,Rezan Epözdemir
325,Pozitif
326,24 Aralık
327,#BIMAS
328,Başkanımızın
329,EnBüyükSuçlu ŞoförMü
330,Merry Christmas
331,Fenerbahçeyi
332,Hamdi Burak Beşer
333,Regaip Kandili
334,Ertan
335,Başkanın
336,Testi
337,Lube
338,Fatih Terim
339,Pele
340,Tırnak
341,Libya
342,WE ARE CLEAN
343,Mutlu Noeller
344,Ortadaki
345,Depozito
346,Kumpas
347,Fiilen Çalıştık
348,Negatif
349,Maradona
350,Başkana
351,#SeninleyizSadettinSaran
352,Neymar
353,3 Temmuz
354,Ali Koç
355,Kokain
356,Timur Savcı
357,Sanane
358,Aziz Yıldırım
359,#çarşamba
360,Taurasi
361,Adli
362,#MahkumAilesindenCHPyeOyYok
363,İstifa
364,Koko
365,Serhat
366,Pozitif
367,Rezan Epözdemir
368,#BIMAS
369,Ezgi Fındık
370,Fenerbahçeliler
371,EnBüyükSuçlu ŞoförMü
372,Fenerbahçe Başkanı
373,Bağımsız
374,#ŞoföreNedenAfYok
375,Fenerbahçeyi
376,Hamdi Burak Beşer
377,Lube
378,Başkanımızın
379,Başkanın
380,Dilan Polat
381,Pele
382,Ertan
383,Tırnak
384,Libya
385,Christmas
386,WE ARE CLEAN
387,Mutlu Noeller
388,Testi
389,Kumpas
390,Ticaret Bakanlığı'ndan
391,Depozito
392,Hüküm
393,Fatih Terim
394,Fiilen Çalıştık
395,Ortadaki
396,Maradona
397,Taha
398,Başkana
399,İsmail Saymaz
400,Nedim
401,Sadettin Saran
402,Neymar
403,#Çarşamba
404,Ali Koç
405,3 Temmuz
406,Kokain
407,Aziz Yıldırım
408,Adli
409,İstifa
410,#MahkumAilesindenCHPyeOyYok
411,Taurasi
412,Pozitif
413,#BozdurBozdurHarca
414,Ezgi Fındık
415,#BIMAS
416,Rezan Epözdemir
417,Koko
418,Serhat
419,EnBüyükSuçlu ŞoförMü
420,#ŞoföreNedenAfYok
421,Fenerbahçeliler
422,Hamdi Burak Beşer
423,Lube
424,Libya
425,WE ARE CLEAN
426,Mutlu Noeller
427,Kumpas
428,Tırnak
429,Dilan Polat
430,Ticaret Bakanlığı'ndan
431,Başkanın
432,Merry Christmas
433,Başkanımızın
434,Depozito
435,Hüküm
436,Fenerbahçeyi
437,Negatif
438,Fiilen Çalıştık
439,İçişleri Bakanı Ali Yerlikaya
440,Resmi Gazete'de
441,İsmail Saymaz
442,Şamil
443,Taha
444,Gazoz
445,Kira
446,Nedim
447,Dolar
448,9H-DFJ
449,Laiklik
450,Haymana
451,Sadettin Saran
452,Neymar
453,#Çarşamba
454,Ali Koç
455,3 Temmuz
456,Kokain
457,Aziz Yıldırım
458,Adli
459,Taurasi
460,#MahkumAilesindenCHPyeOyYok
461,İstifa
462,Pozitif
463,Ezgi Fındık
464,#BIMAS
465,Rezan Epözdemir
466,Koko
467,Serhat
468,EnBüyükSuçlu ŞoförMü
469,#ŞoföreNedenAfYok
470,#BozdurBozdurHarca
471,Fenerbahçeliler
472,Hamdi Burak Beşer
473,Lube
474,Libya
475,WE ARE CLEAN
476,Mutlu Noeller
477,Kumpas
478,Tırnak
479,Dilan Polat
480,Başkanın
481,Ticaret Bakanlığı'ndan
482,Merry Christmas
483,Başkanımızın
484,Depozito
485,Hüküm
486,Fenerbahçeyi
487,Negatif
488,Fiilen Çalıştık
489,İçişleri Bakanı Ali Yerlikaya
490,Resmi Gazete'de
491,İsmail Saymaz
492,Şamil
493,Taha
494,Gazoz
495,Kira
496,Nedim
497,Dolar
498,9H-DFJ
499,Laiklik
500,Haymana
501,Sadettin Saran
502,Neymar
503,#Çarşamba
504,Kokain
505,Ali Koç
506,Adli Tıp Kurumu
507,#BozdurBozdurHarca
508,#BIMAS
509,Ezgi Fındık
510,Pozitif
511,#BaşkaVatanımızYok
512,WE ARE CLEAN
513,Taurasi
514,#EmeklininMaaşıEnAz50BinOlmalı
515,Rezan Epözdemir
516,Koko
517,Libya
518,Dilan Polat
519,Kumpas
520,Lube
521,Ticaret Bakanlığı
522,Depozito
523,Resmi Gazete'de
524,Serhat
525,Fenerbahçeliler
526,Tırnak
527,Hüküm
528,Asgari
529,Negatif
530,Fiilen Çalıştık
531,İçişleri Bakanı Ali Yerlikaya
532,Fenerbahçeyi
533,İsmail Saymaz
534,Merry Christmas
535,Şamil
536,Kira
537,Gazoz
538,Dolar
539,Semedo
540,9H-DFJ
541,Falcon 50
542,Laiklik
543,Haymana
544,#ÖzgürÖzeleSoruyorum
545,#BuTopraktaİzinVar
546,#ehliyet
547,#balsu
548,#GOLD
549,#uçak
550,#ElaRuemeysaCebeci
551,Sadettin Saran
552,#Çarşamba
553,Neymar
554,#BozdurBozdurHarca
555,Kokain
556,Adli Tıp Kurumu
557,#ÖzgürÖzeleSoruyorum
558,Ali Koç
559,#BaşkaVatanımızYok
560,#BIMAS
561,WE ARE CLEAN
562,Pozitif
563,Lube
564,Libya
565,Depozito
566,Resmi Gazete'de
567,Hüküm
568,Ticaret Bakanlığı
569,Asgari
570,Koko
571,İçişleri Bakanı Ali Yerlikaya
572,İsmail Saymaz
573,Negatif
574,Fiilen Çalıştık
575,Kira
576,Şamil
577,Semedo
578,9H-DFJ
579,Falcon 50
580,Dolar
581,Laiklik
582,Haymana
583,Kadıköy'de
584,#BuTopraktaİzinVar
585,#ehliyet
586,#balsu
587,#GOLD
588,#ElaRuemeysaCebeci
589,#uçak
590,#asgariücret
591,#FBvBJK
592,#BuTopraktaİzinVar
593,#Çarşamba
594,#BozdurBozdurHarca
595,Oğuz
596,Cerny
597,Sadettin Saran
598,Szymanski
599,Libya
600,Fenerbahçe - Beşiktaş
601,Neymar
602,Kokain
603,WE ARE CLEAN
604,Kerem
605,Açlık
606,Musaba
607,Orkun
608,BenLeman DisneyPlusa
609,Abraham
610,Salih
611,Tarık
612,Falcon 50
613,Haymana
614,Resmi Gazete'de
615,Dünya Şehit Çocukları Günü
616,Adli Tıp Kurumu'na
617,haberscoop
618,Yüzde 27
619,Günaydınlar
620,9H-DFJ
621,Ali Yerlikaya
622,asteğmen mustafa fehmi kubilay
623,Ticaret Bakanlığı
624,şile belediyesi'ne
625,Eyüp
626,Jurasek
627,İsrail
628,Kadıköy
629,BDDK'ya
630,Depozito
631,Anadolu
632,şafak sezer
633,Hüküm
634,Ali Koç
635,Bekçi Hasan
636,Jayden
637,Umut Evirgen
638,Kira
639,Galata Köprüsü
640,#asgariücret
641,#FBvBJK
642,#BuTopraktaİzinVar
643,#Çarşamba
644,#BozdurBozdurHarca
645,Oğuz
646,Cerny
647,Sadettin Saran
648,Szymanski
649,Libya
650,Neymar
651,WE ARE CLEAN
652,Kokain
653,Kerem
654,Açlık
655,Musaba
656,Orkun
657,BenLeman DisneyPlusa
658,Abraham
659,Salih
660,Tarık
661,Falcon 50
662,Haymana
663,Resmi Gazete'de
664,Dünya Şehit Çocukları Günü
665,Adli Tıp Kurumu'na
666,haberscoop
667,Yüzde 27
668,Günaydınlar
669,9H-DFJ
670,Ali Yerlikaya
671,asteğmen mustafa fehmi kubilay
672,Ticaret Bakanlığı
673,şile belediyesi'ne
674,Eyüp
675,Jurasek
676,Ali Koç
677,İsrail
678,Kadıköy
679,BDDK'ya
680,Depozito
681,Anadolu
682,şafak sezer
683,Hüküm
684,Bekçi Hasan
685,Jayden
686,Umut Evirgen
687,Galata Köprüsü
688,Kira
689,Osterwolde
690,#asgariücret
691,#FBvBJK
692,#Çarşamba
693,#BozdurBozdurHarca
694,#BuTopraktaİzinVar
695,Oğuz
696,Cerny
697,Szymanski
698,Fenerbahçe - Beşiktaş
699,Libya
700,Neymar
701,Kerem
702,Açlık
703,Musaba
704,Sadettin Saran
705,Orkun
706,BenLeman DisneyPlusa
707,Depozito
708,Abraham
709,Adli Tıp Kurumu'na
710,Tarık
711,Salih
712,Falcon 50
713,Haymana
714,Dünya Şehit Çocukları Günü
715,Fiilen Çalıştık
716,Günaydınlar
717,haberscoop
718,Yüzde 27
719,9H-DFJ
720,Kubilay
721,Hayırlı Sabahlar
722,Resmi Gazete'de
723,Eyüp
724,şile belediyesi'ne
725,Udoka
726,Jurasek
727,Kadıköy
728,Aleykümselam
729,Ticaret Bakanlığı
730,İsrail
731,Anadolu
732,Umut Evirgen
733,şafak sezer
734,Galata Köprüsü
735,Sözleşmede
736,Bekçi Hasan
737,Jayden
738,Günaydin
739,Osterwolde
740,#asgariücret
741,#FBvBJK
742,#Çarşamba
743,#BuTopraktaİzinVar
744,#BozdurBozdurHarca
745,Oğuz
746,Cerny
747,Szymanski
748,Fenerbahçe - Beşiktaş
749,Libya
750,Kerem
751,Açlık
752,Musaba
753,Orkun
754,BenLeman DisneyPlusa
755,Abraham
756,Depozito
757,Salih
758,Tarık
759,Falcon 50
760,Haymana
761,Hayırlı Sabahlar
762,Dünya Şehit Çocukları Günü
763,Yüzde 27
764,haberscoop
765,Kubilay
766,Eyüp
767,9H-DFJ
768,Fiilen Çalıştık
769,şile belediyesi'ne
770,Kadıköy
771,Jurasek
772,İsrail
773,Jayden
774,Umut Evirgen
775,Galata Köprüsü
776,şafak sezer
777,yarım sigortaya hayır
778,Anadolu
779,Osterwolde
780,Bekçi Hasan
781,Neves
782,Udoka
783,Asensio
784,Tedesco
785,Emrullah Erdinç
786,Penaltı
787,Rakip 10
788,Neymar
789,Kira
790,#asgariücret
791,#FBvBJK
792,#Çarşamba
793,#BuTopraktaİzinVar
794,Oğuz
795,Cerny
796,Szymanski
797,#Libya
798,Kerem
799,Musaba
800,Açlık
801,Orkun
802,BenLeman DisneyPlusa
803,Abraham
804,Tarık
805,Salih
806,Falcon 50
807,Dünya Şehit Çocukları Günü
808,Yüzde 27
809,haberscoop
810,Kubilay
811,Eyüp
812,9H-DFJ
813,şile belediyesi'ne
814,Jurasek
815,Kadıköy
816,Asensio
817,Galata Köprüsü
818,Jayden
819,Umut Evirgen
820,şafak sezer
821,Neves
822,yarım sigortaya hayır
823,Osterwolde
824,Bekçi Hasan
825,Anadolu
826,Tedesco
827,Penaltı
828,Bozdur
829,Emrullah Erdinç
830,Bekçi Şevki
831,Rakip 10
832,Karadağ
833,menemen'de
834,İsmail
835,Fiilen Çalıştık
836,Harca
837,Bartuğ
838,Kira
839,Ergün Atalay
840,#asgariücret
841,#FBvBJK
842,#Çarşamba
843,#BuTopraktaİzinVar
844,Oğuz
845,Cerny
846,Szymanski
847,#Libya
848,Kerem
849,Musaba
850,Açlık
851,Orkun
852,BenLeman DisneyPlusa
853,Abraham
854,Tarık
855,Salih
856,Falcon 50
857,Dünya Şehit Çocukları Günü
858,Yüzde 27
859,haberscoop
860,Hayırlı Sabahlar
861,Kubilay
862,Eyüp
863,9H-DFJ
864,şile belediyesi'ne
865,Jurasek
866,Kadıköy
867,Asensio
868,Galata Köprüsü
869,Jayden
870,Umut Evirgen
871,şafak sezer
872,Neves
873,yarım sigortaya hayır
874,Osterwolde
875,Bekçi Hasan
876,Anadolu
877,Tedesco
878,Penaltı
879,Bozdur
880,Emrullah Erdinç
881,Bekçi Şevki
882,Rakip 10
883,Karadağ
884,menemen'de
885,İsmail
886,Fiilen Çalıştık
887,Harca
888,Bartuğ
889,Kira
890,#asgariücret
891,#FBvBJK
892,#BuTopraktaİzinVar
893,Oğuz
894,Szymanski
895,Cerny
896,Libya
897,#salı
898,Kerem
899,#KademeErtelenemez
900,Musaba
901,Açlık
902,benleman disneyplusa
903,Orkun
904,Abraham
905,Tarık
906,Salih
907,Falcon 50
908,Dünya Şehit Çocukları Günü
909,Yüzde 27
910,Kubilay
911,haberscoop
912,Eyüp
913,9H-DFJ
914,umut evirgen
915,şile belediyesi'ne
916,Jurasek
917,Kadıköy
918,Asensio
919,Galata Köprüsü
920,gazeteci emrullah erdinç
921,Osterwolde
922,Jayden
923,şafak sezer
924,Neves
925,yarım sigortaya hayır
926,Bekçi Hasan
927,Anadolu
928,karadağ
929,Tedesco
930,harca
931,Penaltı
932,rakip 10
933,Bozdur
934,Bekçi Şevki
935,Haydar
936,İsmail
937,menemen'de
938,bartuğ
939,Ergün Atalay
940,#asgariücret
941,#FBvBJK
942,#BuTopraktaİzinVar
943,Oğuz
944,Cerny
945,Szymanski
946,Fenerbahçe - Beşiktaş
947,#Libya
948,#salı
949,Kerem
950,Musaba
951,Orkun
952,Açlık
953,BenLeman DisneyPlusa
954,Abraham
955,Tarık
956,Salih
957,Haymana
958,yüzde 27
959,Falcon 50
960,Dünya Şehit Çocukları Günü
961,Kubilay
962,haberscoop
963,Jurasek
964,Eyüp
965,9H-DFJ
966,umut evirgen
967,Galata Köprüsü
968,şile belediyesi'ne
969,bekçi şevki
970,Kadıköy
971,bekçi hasan
972,Asensio
973,Tedesco
974,gazeteci emrullah erdinç
975,Osterwolde
976,Jayden
977,Neves
978,şafak sezer
979,Yarım Sigortaya Hayır
980,Anadolu
981,Penaltı
982,harca
983,Rakip 10
984,İsmail
985,Bozdur
986,Haydar
987,menemen'de
988,Ergün Atalay
989,24 Aralık Çarşamba
990,#asgariücret
991,#FBvBJK
992,#BuTopraktaİzinVar
993,Oğuz
994,Cerny
995,Szymanski
996,Fenerbahçe - Beşiktaş
997,#Libya
998,#salı
999,Kerem
1000,Musaba
1001,Açlık
1002,Orkun
1003,BenLeman DisneyPlusa
1004,Abraham
1005,Tarık
1006,Salih
1007,Haymana
1008,Falcon 50
1009,Yüzde 27
1010,Dünya Şehit Çocukları Günü
1011,Kubilay
1012,haberscoop
1013,Jurasek
1014,Eyüp
1015,9H-DFJ
1016,Umut Evirgen
1017,Galata Köprüsü
1018,şile belediyesi'ne
1019,bekçi şevki
1020,Kadıköy
1021,Bekçi Hasan
1022,Jayden
1023,Asensio
1024,Tedesco
1025,gazeteci emrullah erdinç
1026,Osterwolde
1027,Neves
1028,şafak sezer
1029,Yarım Sigortaya Hayır
1030,Bozdur
1031,Anadolu
1032,Penaltı
1033,Karadağ
1034,harca
1035,Rakip 10
1036,İsmail
1037,Haydar
1038,Menemen'de
1039,Ergün Atalay
1040,#asgariücret
1041,#FBvBJK
1042,#BuTopraktaİzinVar
1043,Oğuz
1044,Cerny
1045,Szymanski
1046,Fenerbahçe - Beşiktaş
1047,#Libya
1048,#salı
1049,Kerem
1050,Musaba
1051,Açlık
1052,Orkun
1053,BenLeman DisneyPlusa
1054,Abraham
1055,Tarık
1056,Salih
1057,Haymana
1058,Falcon 50
1059,Yüzde 27
1060,Dünya Şehit Çocukları Günü
1061,Kubilay
1062,haberscoop
1063,Jurasek
1064,Eyüp
1065,9H-DFJ
1066,Umut Evirgen
1067,Galata Köprüsü
1068,şile belediyesi'ne
1069,bekçi şevki
1070,Kadıköy
1071,Bekçi Hasan
1072,Jayden
1073,Asensio
1074,Tedesco
1075,gazeteci emrullah erdinç
1076,Osterwolde
1077,Neves
1078,şafak sezer
1079,Yarım Sigortaya Hayır
1080,Bozdur
1081,Anadolu
1082,Penaltı
1083,Karadağ
1084,harca
1085,Rakip 10
1086,İsmail
1087,Haydar
1088,Menemen'de
1089,Ergün Atalay
1090,#BuTopraktaİzinVar
1091,#Libya
1092,#FBvBJK
1093,Cerny
1094,Beşiktaş
1095,#uçak
1096,Szymanski
1097,Oğuz
1098,Asgari
1099,Kerem
1100,Orkun
1101,#RüyaGibi
1102,Haymana
1103,9H-DFJ
1104,Falcon 50
1105,Kadıköy
1106,İsmail
1107,Ankara'da
1108,Abraham
1109,Ertem
1110,Ederson
1111,Jayden
1112,Ligde
1113,Tarık
1114,Osterwolde
1115,BenLeman DisneyPlusa
1116,Dünya Şehit Çocukları Günü
1117,Tedesco
1118,Semedo
1119,Kira
1120,Rakip 10
1121,Jurasek
1122,Derbi
1123,Dolar
1124,Asensio
1125,Ziraat
1126,Cici
1127,Skriniar
1128,Şimanski
1129,Eksik
1130,Rıdvan
1131,Tavşan
1132,Syzmanski
1133,Evren
1134,Alım
1135,Benfica
1136,Kupa
1137,Salih Uçan
1138,Makarna
1139,Ali Yerlikaya
1140,#BuTopraktaİzinVar
1141,#Libya
1142,#FBvBJK
1143,Cerny
1144,Beşiktaş
1145,#asgariücret
1146,Szymanski
1147,#uçak
1148,Oğuz
1149,Kerem
1150,Orkun
1151,9H-DFJ
1152,Kadıköy
1153,Falcon 50
1154,İsmail
1155,Penaltı
1156,Abraham
1157,Jayden
1158,Ertem
1159,Ederson
1160,Tarık
1161,Ligde
1162,Osterwolde
1163,BenLeman DisneyPlusa
1164,Dünya Şehit Çocukları Günü
1165,Al-Haddad
1166,Tripoli
1167,Tedesco
1168,Semedo
1169,Asensio
1170,Eyüp
1171,Trablus
1172,Jurasek
1173,Skriniar
1174,Rakip 10
1175,Derbi
1176,Ziraat
1177,Cici
1178,Salih
1179,Djalo
1180,Kira
1181,Eksik
1182,Rıdvan
1183,Dolar
1184,Haydar
1185,Koyduk
1186,Topa
1187,Tavşan
1188,Mert Müldür
1189,Evren
