video,tag
Yüksel Baltacı - Topic,
Bilginiz Benden,
Edit Dünyam,
Neşeli Yorumlar,
Gözaltı,
LVBELC5,
Anatolian Rock Cover Türkiye - Topic,
Komik Yorumlar Derlemesi,
Benz6,
Komik Yorumlarınız,
,bir
,#keşfet
,#komedi
,#komikyorumlar
,tek
,bölüm
,araba
,nasıl
,ama
,yeni
,neden
,minecraft
,iphone
,gibi
,#motovlog
,#futbol
,komik
,gözaltına
,alındı
,mehmet
,fragmanı
,ben
,hayal
,kadın
,için
,asla
,daha
,dünyanın
,olur
,rüya
,baba
,#komikyorum
,#fyp
,etti
,yorumlar
,geldi
,haber
,akif
,samsung
,trailer
,taşacak
,deniz
,bölüm
,uzak
,şehir
,kardeşini
,#güllervegünahlar
,#movie
,iyi
,fragman
