Rank,Channels / Keywords
1,Neorixal Eron
2,Editler Ülkesi
3,Kerem Balyemez
4,manifest
5,Demek Öyleymiş
6,ALLEditedBy
7,Multiverse Defteri
8,Alps Media
9,EAGLE 5
10,Jerd Facts
11,bir
12,bölüm
13,#keşfet
14,oldu
15,#komedi
16,çok
17,i̇le
18,minecraft
19,iyi
20,araba
21,ama
22,nasıl
23,çıktı
24,gol
25,maç
26,yalova'da
27,stranger
28,things
29,herkes
30,yanlış
31,#güllervegünahlar
32,#uzakşehir
33,artık
34,benim
35,zor
36,küçük
37,#automobile
38,pro
39,#komikyorumlar
40,çocuk
41,etti
42,neden
43,adam
44,#futbol
45,büyük
46,daha
47,oldum
48,foxy
49,#motovlog
50,komik
51,çatışma
52,şehit
53,son
54,haber
55,telefon
56,trailer
57,taşacak
58,deniz
59,@showtv
60,hemen
