Rank,Hashtag
1,#baile
2,#fyr
3,#dance
4,#fyppppppppppppppppppppppp
5,#videoviral
6,#trendvideo
7,#tiktoktrend
8,#pourtoi
9,#danse
10,#virał
11,#trendingdance
12,#viral
13,#tiktokviral
14,#fy
15,#trends
16,#tt
17,#fyy
18,#friends
19,#perte
20,#duet
21,#couples
22,#makeusfamous
23,#school
24,#dlaciebie
25,#love
26,#pye
27,#rek
28,#coupletrend
29,#elbruso
30,#linda
31,#sisters
32,#family
33,#07
34,#viralvideos
35,#laraibmalik
36,#forupage
37,#02
38,#fyppppppppppppppppppppppppppppppppppp
39,#explore
40,#тренд
41,#fyp
42,#trendy
43,#russiantrend
44,#vibe
45,#recommendations
46,#fpy
47,#xuhong
48,#fouryou
49,#girlfirend
50,#dancetrends
51,#dancetrend
52,#costume
53,#trending
54,#transition
55,#humor
56,#duo
57,#foryoupage
58,#girls
59,#fypシ
60,#tshirt
61,#xuhongtiktok
62,#makeup
63,#tiktokchallenge
64,#halloween
65,#tiktoker
66,#oh
67,#viraltiktok
68,#fun
69,#parati
70,#highschool
71,#couplegoals
72,#catsoftiktok
73,#meme
74,#fyyyyyy
75,#dancing
76,#goviral
77,#foryoupage❤️❤️
78,#animal
79,#dança
80,#мемы
81,#trendingreels
82,#trend??tiktok
83,#viralllllll
84,#magic
85,#paratii
86,#couple
87,#brasil🇧🇷
88,#trend
89,#blowthisup
90,#newtrend
91,#kennykyawt
92,#funny
93,#foru
94,#retable
95,#challenge
96,#paratiiiiiiiiiiiiiiiiiiiiiiiiiiiiiii
97,#vanenengg
98,#dancechallenge
99,#fup
100,#dancer
101,#tiktok
102,#drafts
103,#foryou
104,#fypage
105,#dc
106,#trendingnow
107,#asian
108,#viralvideo
109,#fypp
110,#treanding
111,#🤍
112,#fypシ゚
113,#boyfriend
114,#twins
115,#trendingvideo
116,#tik_tok
117,#ai
118,#beauty
119,#tiktokdance
120,#popular
121,#tiktokindia
122,#gehviral
123,#usa
124,#gmx8
