Kategori,Marka,Ürün Adı,Fiyat,Link
"🌟
Popüler Ürünler",Fiori,"4'lü Fırsat Ürünü Oval Tokalı Kadın Pantolon Kemeri, Ceket Kemeri, Elbise Kemeri, Gömlek Kemeri","-%39
144,99 TL
238,18 TL",https://www.trendyol.com/fiori/4-lu-firsat-urunu-oval-tokali-kadin-pantolon-kemeri-ceket-kemeri-elbise-kemeri-gomlek-kemeri-p-739450313
"🌟
Popüler Ürünler",SHAKA,Siyah Shk108 Çıtçıtlı Suni Deri Cüzdanlı Makyaj Çantalı Kadın El Ve Omuz Çantası,"279,00 TL",https://www.trendyol.com/shaka/siyah-shk108-citcitli-suni-deri-cuzdanli-makyaj-cantali-kadin-el-ve-omuz-cantasi-p-808683122
"🌟
Popüler Ürünler",Mira İpek,Desenli Pamuk Soft Şal İlham Serisi Degrade Şal ps136,Sepette İndirimli,https://www.trendyol.com/mira-ipek/desenli-pamuk-soft-sal-ilham-serisi-degrade-sal-ps136-p-1026509767
"🌟
Popüler Ürünler",Stradivarius,Mini boncuklu çanta,"790,00 TL",https://www.trendyol.com/stradivarius/mini-boncuklu-canta-p-740330187
"🌟
Popüler Ürünler",Genel Markalar,Kadın Siyah 50 Adet Tel Toka,"14,90 TL",https://www.trendyol.com/genel-markalar/kadin-siyah-50-adet-tel-toka-p-73681830
"🌟
Popüler Ürünler",Fiori,"4'lü Fırsat Ürünü Uzun Tokalı İnce Kadın Kemeri, Ceket Kemeri, Gömlek Kemeri, Elbise Kemeri","142,92 TL
149,99 TL",https://www.trendyol.com/fiori/4-lu-firsat-urunu-uzun-tokali-ince-kadin-kemeri-ceket-kemeri-gomlek-kemeri-elbise-kemeri-p-778536574
"🌟
Popüler Ürünler",Mira İpek,Desenli Pamuk Soft Şal İlham Serisi ps33,Sepette İndirimli,https://www.trendyol.com/mira-ipek/desenli-pamuk-soft-sal-ilham-serisi-ps33-p-968548196
"🌟
Popüler Ürünler",Mira İpek,Batik Desenli Pamuk Soft Şal İlham Serisi ps24,Sepette İndirimli,https://www.trendyol.com/mira-ipek/batik-desenli-pamuk-soft-sal-ilham-serisi-ps24-p-973174379
"🌟
Popüler Ürünler",monalisatoka,Kadın Ultra Esnek Kahverengi Ton 10'lu Lastik Toka Seti,"9,99 TL",https://www.trendyol.com/monalisatoka/kadin-ultra-esnek-kahverengi-ton-10-lu-lastik-toka-seti-p-718564643
"🌟
Popüler Ürünler",Stradivarius,Çift tutma saplı çapraz askılı çanta,"790,00 TL",https://www.trendyol.com/stradivarius/cift-tutma-sapli-capraz-askili-canta-p-853214098
"🌟
Popüler Ürünler",Housebags,Kahverengi Süet Çok Yönlü PU Deri Omuz Asklı Çanta,"252,00 TL
275,51 TL",https://www.trendyol.com/housebags/kahverengi-suet-cok-yonlu-pu-deri-omuz-askli-canta-p-878101961
"🌟
Popüler Ürünler",HAPBUY,Kadın Siyah Omuz Çantası Yumuşak Iç Ve Dış Dokulu Kaliteli Işçilik Ve Yumuşak Suni Deri El Çantası,"261,00 TL",https://www.trendyol.com/hapbuy/kadin-siyah-omuz-cantasi-yumusak-ic-ve-dis-dokulu-kaliteli-iscilik-ve-yumusak-suni-deri-el-cantasi-p-826407400
"🌟
Popüler Ürünler",ModaLucci,Unisex Siyah Tam Otomatik Şemsiye,"197,00 TL",https://www.trendyol.com/modalucci/unisex-siyah-tam-otomatik-semsiye-p-66477885
"🌟
Popüler Ürünler",Madamra,Kahverengi Süet Kadın Shopper Omuz Çantası – Yumuşak Form Vintage Model,"-%11
569,65 TL
643,91 TL",https://www.trendyol.com/madamra/kahverengi-suet-kadin-shopper-omuz-cantasi-yumusak-form-vintage-model-p-991764544
"🌟
Popüler Ürünler",womistore,Yılbaşı Temalı Anahtarlık,"30,00 TL",https://www.trendyol.com/womistore/yilbasi-temali-anahtarlik-p-843990868
"🌟
Popüler Ürünler",Stradivarius,Fiyonklu kumaş shopper çanta,"1.190,00 TL",https://www.trendyol.com/stradivarius/fiyonklu-kumas-shopper-canta-p-843843450
"🌟
Popüler Ürünler",Mira İpek,Desenli Pamuk Soft Şal Mena Serisi Lacivert Vizon ps66,Sepette İndirimli,https://www.trendyol.com/mira-ipek/desenli-pamuk-soft-sal-mena-serisi-lacivert-vizon-ps66-p-977002143
"🌟
Popüler Ürünler",Kiğılı,Erkek Desenli Kartlık Para Bölmeli Cüzdan,"517,90 TL",https://www.trendyol.com/kigili/erkek-desenli-kartlik-para-bolmeli-cuzdan-p-823077320
"🌟
Popüler Ürünler",Stradivarius,Suni süet omuz çantası,"1.590,00 TL",https://www.trendyol.com/stradivarius/suni-suet-omuz-cantasi-p-929497796
"🌟
Popüler Ürünler",Blue,Kadın Mavi Işık Korumalı Bilgisayar Gözlüğü,"114,00 TL",https://www.trendyol.com/blue/kadin-mavi-isik-korumali-bilgisayar-gozlugu-p-843059106
Aksesuar,Fiori,"4'lü Fırsat Ürünü Oval Tokalı Kadın Pantolon Kemeri, Ceket Kemeri, Elbise Kemeri, Gömlek Kemeri","-%39
144,99 TL
238,18 TL",https://www.trendyol.com/fiori/4-lu-firsat-urunu-oval-tokali-kadin-pantolon-kemeri-ceket-kemeri-elbise-kemeri-gomlek-kemeri-p-739450313
Aksesuar,SHAKA,Siyah Shk108 Çıtçıtlı Suni Deri Cüzdanlı Makyaj Çantalı Kadın El Ve Omuz Çantası,"279,00 TL",https://www.trendyol.com/shaka/siyah-shk108-citcitli-suni-deri-cuzdanli-makyaj-cantali-kadin-el-ve-omuz-cantasi-p-808683122
Aksesuar,Mira İpek,Desenli Pamuk Soft Şal İlham Serisi Degrade Şal ps136,Sepette İndirimli,https://www.trendyol.com/mira-ipek/desenli-pamuk-soft-sal-ilham-serisi-degrade-sal-ps136-p-1026509767
Aksesuar,Stradivarius,Mini boncuklu çanta,"790,00 TL",https://www.trendyol.com/stradivarius/mini-boncuklu-canta-p-740330187
Aksesuar,Genel Markalar,Kadın Siyah 50 Adet Tel Toka,"14,90 TL",https://www.trendyol.com/genel-markalar/kadin-siyah-50-adet-tel-toka-p-73681830
Aksesuar,Fiori,"4'lü Fırsat Ürünü Uzun Tokalı İnce Kadın Kemeri, Ceket Kemeri, Gömlek Kemeri, Elbise Kemeri","142,92 TL
149,99 TL",https://www.trendyol.com/fiori/4-lu-firsat-urunu-uzun-tokali-ince-kadin-kemeri-ceket-kemeri-gomlek-kemeri-elbise-kemeri-p-778536574
Aksesuar,Mira İpek,Desenli Pamuk Soft Şal İlham Serisi ps33,Sepette İndirimli,https://www.trendyol.com/mira-ipek/desenli-pamuk-soft-sal-ilham-serisi-ps33-p-968548196
Aksesuar,Mira İpek,Batik Desenli Pamuk Soft Şal İlham Serisi ps24,Sepette İndirimli,https://www.trendyol.com/mira-ipek/batik-desenli-pamuk-soft-sal-ilham-serisi-ps24-p-973174379
Aksesuar,monalisatoka,Kadın Ultra Esnek Kahverengi Ton 10'lu Lastik Toka Seti,"9,99 TL",https://www.trendyol.com/monalisatoka/kadin-ultra-esnek-kahverengi-ton-10-lu-lastik-toka-seti-p-718564643
Aksesuar,Stradivarius,Çift tutma saplı çapraz askılı çanta,"790,00 TL",https://www.trendyol.com/stradivarius/cift-tutma-sapli-capraz-askili-canta-p-853214098
Aksesuar,Housebags,Kahverengi Süet Çok Yönlü PU Deri Omuz Asklı Çanta,"252,00 TL
275,51 TL",https://www.trendyol.com/housebags/kahverengi-suet-cok-yonlu-pu-deri-omuz-askli-canta-p-878101961
Aksesuar,HAPBUY,Kadın Siyah Omuz Çantası Yumuşak Iç Ve Dış Dokulu Kaliteli Işçilik Ve Yumuşak Suni Deri El Çantası,"261,00 TL",https://www.trendyol.com/hapbuy/kadin-siyah-omuz-cantasi-yumusak-ic-ve-dis-dokulu-kaliteli-iscilik-ve-yumusak-suni-deri-el-cantasi-p-826407400
Aksesuar,ModaLucci,Unisex Siyah Tam Otomatik Şemsiye,"197,00 TL",https://www.trendyol.com/modalucci/unisex-siyah-tam-otomatik-semsiye-p-66477885
Aksesuar,Madamra,Kahverengi Süet Kadın Shopper Omuz Çantası – Yumuşak Form Vintage Model,"-%11
569,65 TL
643,91 TL",https://www.trendyol.com/madamra/kahverengi-suet-kadin-shopper-omuz-cantasi-yumusak-form-vintage-model-p-991764544
Aksesuar,womistore,Yılbaşı Temalı Anahtarlık,"30,00 TL",https://www.trendyol.com/womistore/yilbasi-temali-anahtarlik-p-843990868
Aksesuar,Stradivarius,Fiyonklu kumaş shopper çanta,"1.190,00 TL",https://www.trendyol.com/stradivarius/fiyonklu-kumas-shopper-canta-p-843843450
Aksesuar,Mira İpek,Desenli Pamuk Soft Şal Mena Serisi Lacivert Vizon ps66,Sepette İndirimli,https://www.trendyol.com/mira-ipek/desenli-pamuk-soft-sal-mena-serisi-lacivert-vizon-ps66-p-977002143
Aksesuar,Kiğılı,Erkek Desenli Kartlık Para Bölmeli Cüzdan,"517,90 TL",https://www.trendyol.com/kigili/erkek-desenli-kartlik-para-bolmeli-cuzdan-p-823077320
Aksesuar,Stradivarius,Suni süet omuz çantası,"1.590,00 TL",https://www.trendyol.com/stradivarius/suni-suet-omuz-cantasi-p-929497796
Aksesuar,Blue,Kadın Mavi Işık Korumalı Bilgisayar Gözlüğü,"114,00 TL",https://www.trendyol.com/blue/kadin-mavi-isik-korumali-bilgisayar-gozlugu-p-843059106
Giyim,Penti,Fit 15 Siyah Külotlu Çorap,"120,99 TL",https://www.trendyol.com/penti/fit-15-siyah-kulotlu-corap-p-691991434
Giyim,Penti,Fit 15 Kızıl Siyah Külotlu Çorap,"140,00 TL",https://www.trendyol.com/penti/fit-15-kizil-siyah-kulotlu-corap-p-853384029
Giyim,Penti,Fit 15 Mürdüm Külotlu Çorap,"120,99 TL",https://www.trendyol.com/penti/fit-15-murdum-kulotlu-corap-p-853384005
Giyim,Penti,Fit 15 Kestane Külotlu Çorap,"131,00 TL",https://www.trendyol.com/penti/fit-15-kestane-kulotlu-corap-p-853383755
Giyim,Penti,Fit 15 Kakao Külotlu Çorap,"120,99 TL",https://www.trendyol.com/penti/fit-15-kakao-kulotlu-corap-p-853384814
Giyim,Penti,Fit 15 Soğan Kabuğu Külotlu Çorap,"120,99 TL",https://www.trendyol.com/penti/fit-15-sogan-kabugu-kulotlu-corap-p-853384154
Giyim,Ritnice,Line Kadın Likralı Cırt Kapama Siyah Palazzo Pantolon,"389,00 TL",https://www.trendyol.com/ritnice/line-kadin-likrali-cirt-kapama-siyah-palazzo-pantolon-p-758917759
Giyim,Happiness İstanbul,Kadın Siyah Büzgü Detaylı Dik Yaka Sandy Bluz FF00135,"314,99 TL",https://www.trendyol.com/happiness-istanbul/kadin-siyah-buzgu-detayli-dik-yaka-sandy-bluz-ff00135-p-760501571
Giyim,SHEISMONO,Ultra Soft Kayık Yaka Bluz Ekru,"359,00 TL",https://www.trendyol.com/sheismono/ultra-soft-kayik-yaka-bluz-ekru-p-903041245
Giyim,Penti,Fit 15 Yeni Ten Rengi Külotlu Çorap,"120,99 TL",https://www.trendyol.com/penti/fit-15-yeni-ten-rengi-kulotlu-corap-p-853114039
Giyim,BELLA NOTTE,Nakışlı Yeşil Pamuklu Kalp Detaylı Pijama Takımı,"298,23 TL
596,46 TL",https://www.trendyol.com/bella-notte/nakisli-yesil-pamuklu-kalp-detayli-pijama-takimi-p-887517084
Giyim,Penti,Thin Looking İçi Peluşlu Siyah Külotlu Çorap,"486,39 TL",https://www.trendyol.com/penti/thin-looking-ici-peluslu-siyah-kulotlu-corap-p-451390814
Giyim,Happiness İstanbul,Kadın Krem Çiçek Nakışlı Hırka Atlet Triko Takım MT00046,"477,99 TL",https://www.trendyol.com/happiness-istanbul/kadin-krem-cicek-nakisli-hirka-atlet-triko-takim-mt00046-p-137224282
Giyim,Penti,Siyah Stil Külotlu Çorap-Pentilicious,"149,99 TL",https://www.trendyol.com/penti/siyah-stil-kulotlu-corap-pentilicious-p-456015539
Giyim,Siyah İnci,Siyah-beyaz Pamuklu Düğmeli Biyeli Pijama Takım,"289,50 TL
964,99 TL",https://www.trendyol.com/siyah-inci/siyah-beyaz-pamuklu-dugmeli-biyeli-pijama-takim-p-127039374
Giyim,Penti,Mikro 40 Siyah Külotlu Çorap-Pentilicious,"139,00 TL",https://www.trendyol.com/penti/mikro-40-siyah-kulotlu-corap-pentilicious-p-670677107
Giyim,Bershka,Askılı bluz,"-%51
170,00 TL
350,00 TL",https://www.trendyol.com/bershka/askili-bluz-p-919767460
Giyim,SHEISMONO,Ultra Soft Kayık Yaka Bluz Siyah,"362,00 TL",https://www.trendyol.com/sheismono/ultra-soft-kayik-yaka-bluz-siyah-p-903041207
Giyim,BGK,6 Çift Teddy Desenli Kadın Çorap,"124,99 TL",https://www.trendyol.com/bgk/6-cift-teddy-desenli-kadin-corap-p-901749872
Giyim,Penti,Premier All Day 20 Mürdüm Rengi Külotlu Çorap,"229,99 TL",https://www.trendyol.com/penti/premier-all-day-20-murdum-rengi-kulotlu-corap-p-262826540
Kozmetik & Kişisel Bakım,Embeauty,Kolajen Ve Keratin Saç Dökülmesine Karşı Hızlı Sac Uzatan Dolgunlaştırıcı Onarıcı Besleyici Şampuan,Sepette İndirimli,https://www.trendyol.com/embeauty/kolajen-ve-keratin-sac-dokulmesine-karsi-hizli-sac-uzatan-dolgunlastirici-onarici-besleyici-sampuan-p-776827526
Kozmetik & Kişisel Bakım,JEONJU,Pirinç Mayası Beyazlatıcı Aydınlatıcı Leke Karşıtı Nemlendiri Tonik,"545,00 TL",https://www.trendyol.com/jeonju/pirinc-mayasi-beyazlatici-aydinlatici-leke-karsiti-nemlendiri-tonik-p-813530927
Kozmetik & Kişisel Bakım,Maybelline New York,Lash Sensational Yelpaze Etkili Siyah Maskara & Mini Lash Sensational Maskara,"350,00 TL",https://www.trendyol.com/maybelline-new-york/lash-sensational-yelpaze-etkili-siyah-maskara-mini-lash-sensational-maskara-p-32430400
Kozmetik & Kişisel Bakım,Cream Co.,Su Bazlı Moisturizer Nemlendirici Aydınlatıcı Yüz Kremi | Hyaluronik Asit | 50 ML | Tüm Cilt Tipleri,"197,90 TL
199,90 TL",https://www.trendyol.com/cream-co/su-bazli-moisturizer-nemlendirici-aydinlatici-yuz-kremi-hyaluronik-asit-50-ml-tum-cilt-tipleri-p-318291787
Kozmetik & Kişisel Bakım,Bargello,122 Kadın 50 ml Parfüm Edp Orıental,"-%44
250,00 TL
450,00 TL",https://www.trendyol.com/bargello/122-kadin-50-ml-parfum-edp-oriental-p-94542562
Kozmetik & Kişisel Bakım,WIWIFY,Su Bazlı Yoğun Nemlendirici Yüz Kremi 100 ml Tüm Cilt Tipleri 24 Saat Etkili,Sepette İndirimli,https://www.trendyol.com/wiwify/su-bazli-yogun-nemlendirici-yuz-kremi-100-ml-tum-cilt-tipleri-24-saat-etkili-p-471651377
Kozmetik & Kişisel Bakım,Embeauty,Ultra Siyah Dolgunlaştırıcı Maskara – Hacim ve Uzunluk Etkili,Sepette İndirimli,https://www.trendyol.com/embeauty/ultra-siyah-dolgunlastirici-maskara-hacim-ve-uzunluk-etkili-p-1016742922
Kozmetik & Kişisel Bakım,Maybelline New York,Super Lock Brow Glue Kaş Sabitleyici Maskara,"320,00 TL
339,00 TL",https://www.trendyol.com/maybelline-new-york/super-lock-brow-glue-kas-sabitleyici-maskara-p-820137010
Kozmetik & Kişisel Bakım,HC Care,HC Super Duo Saç Bakım Maskesi - 40 ml.,"99,00 TL",https://www.trendyol.com/hc-care/hc-super-duo-sac-bakim-maskesi-40-ml-p-985289220
Kozmetik & Kişisel Bakım,NYX Professional Makeup,Bare With Me Kapatıcı Serum 02 Light Concealer,"530,00 TL",https://www.trendyol.com/nyx-professional-makeup/bare-with-me-kapatici-serum-02-light-concealer-p-249124486
Kozmetik & Kişisel Bakım,Bargello,384 Kadın 50 ml Parfüm Edp Floral,"-%44
250,00 TL
450,00 TL",https://www.trendyol.com/bargello/384-kadin-50-ml-parfum-edp-floral-p-93595097
Kozmetik & Kişisel Bakım,Missha,Pirinç Özlü Aydınlatıcı ve Nemlendirici Yaprak Maske (1ad) Airy Fit Sheet Mask Rice,"46,58 TL",https://www.trendyol.com/missha/pirinc-ozlu-aydinlatici-ve-nemlendirici-yaprak-maske-1ad-airy-fit-sheet-mask-rice-p-31185740
Kozmetik & Kişisel Bakım,Clasy Care,"Face Up Skin Kremi, Izi Ve 40ml","177,00 TL
179,00 TL",https://www.trendyol.com/clasy-care/face-up-skin-kremi-izi-ve-40ml-p-782969121
Kozmetik & Kişisel Bakım,Clasy Care,"Ayak Ve Topuk Çatlak Kremi, Ayak Bakımı, Ayak Kokusu Ve Topuk 100ml","197,00 TL
199,00 TL",https://www.trendyol.com/clasy-care/ayak-ve-topuk-catlak-kremi-ayak-bakimi-ayak-kokusu-ve-topuk-100ml-p-355230816
Kozmetik & Kişisel Bakım,NYX Professional Makeup,Bare With Me Kapatıcı Serum 01 Fair Concealer,"530,00 TL",https://www.trendyol.com/nyx-professional-makeup/bare-with-me-kapatici-serum-01-fair-concealer-p-251165087
Kozmetik & Kişisel Bakım,Embeauty,"Inceltici , Sıkılaştırıcı, Selülit Ve Çatlak Giderici Vücut Şekillendirici Jel 250 ml",Sepette İndirimli,https://www.trendyol.com/embeauty/inceltici-sikilastirici-selulit-ve-catlak-giderici-vucut-sekillendirici-jel-250-ml-p-666580284
Kozmetik & Kişisel Bakım,Kiehl's,Ultra Facial Cream & Avokadolu Göz Kremi Favori Nem İkilisi Seti,"989,10 TL
1.099,00 TL",https://www.trendyol.com/kiehl-s/ultra-facial-cream-avokadolu-goz-kremi-favori-nem-ikilisi-seti-p-144443692
Kozmetik & Kişisel Bakım,New Well,Lıft me up Volume Mascara 8 ml,Sepette İndirimli,https://www.trendyol.com/new-well/lift-me-up-volume-mascara-8-ml-p-792461685
Kozmetik & Kişisel Bakım,Clasy Care,"Face Up Skin Aydınlatıcı Leke Kremi, Leke Karşıtı, Siyah Nokta 40ml","197,00 TL
199,00 TL",https://www.trendyol.com/clasy-care/face-up-skin-aydinlatici-leke-kremi-leke-karsiti-siyah-nokta-40ml-p-782968068
Kozmetik & Kişisel Bakım,L'Oreal Paris,Telescopic Gold Maskara - Siyah,"311,00 TL",https://www.trendyol.com/l-oreal-paris/telescopic-gold-maskara-siyah-p-9482017
Kitap,Yediiklim Yayınları,HEDİYE KPSS GK-GY Yol Arkadaşım Planlama ve Motivasyon Defteri,"113,40 TL",https://www.trendyol.com/yediiklim-yayinlari/hediye-kpss-gk-gy-yol-arkadasim-planlama-ve-motivasyon-defteri-p-982444076
Kitap,Çocuk Akademi,3 Yaş Etkinlik Seti,Sepette İndirimli,https://www.trendyol.com/cocuk-akademi/3-yas-etkinlik-seti-p-283363054
Kitap,Çocuk Akademi,4 Yaş Etkinlik Seti,Sepette İndirimli,https://www.trendyol.com/cocuk-akademi/4-yas-etkinlik-seti-p-301595641
Kitap,Çocuk Akademi,500+ Sticker Kitabım Eğlence Zamanı,Sepette İndirimli,https://www.trendyol.com/cocuk-akademi/500-sticker-kitabim-eglence-zamani-p-905781378
Kitap,Çocuk Akademi,Mahallenin Haylazları Dolu Dolu 10 Kitap Hikaye Serisi,Sepette İndirimli,https://www.trendyol.com/cocuk-akademi/mahallenin-haylazlari-dolu-dolu-10-kitap-hikaye-serisi-p-932108840
Kitap,Çocuk Akademi,5 Yaş Etkinlik Seti,Sepette İndirimli,https://www.trendyol.com/cocuk-akademi/5-yas-etkinlik-seti-p-445943018
Kitap,Çocuk Akademi,500+ Sticker Kitabım Evimiz,Sepette İndirimli,https://www.trendyol.com/cocuk-akademi/500-sticker-kitabim-evimiz-p-932108826
Kitap,Çocuk Akademi,2 Yaş Etkinlik Seti,Sepette İndirimli,https://www.trendyol.com/cocuk-akademi/2-yas-etkinlik-seti-p-365785366
Kitap,Çocuk Akademi,Mıknatıslı Yapboz Meyveler,Sepette İndirimli,https://www.trendyol.com/cocuk-akademi/miknatisli-yapboz-meyveler-p-941686871
Kitap,Çocuk Akademi,12-24 Ay Cırt Cırtlı Etkinlik Kitabı,Sepette İndirimli,https://www.trendyol.com/cocuk-akademi/12-24-ay-cirt-cirtli-etkinlik-kitabi-p-771196754
Kitap,Çocuk Akademi,Ce-Eee Ben Kimim?,Sepette İndirimli,https://www.trendyol.com/cocuk-akademi/ce-eee-ben-kimim-p-922768784
Kitap,Çocuk Akademi,Şimdi Konuşma Vakti Seti,Sepette İndirimli,https://www.trendyol.com/cocuk-akademi/simdi-konusma-vakti-seti-p-748875102
Kitap,Çocuk Akademi,Mıknatıslı Yapboz Çiftlik Hayvanları,Sepette İndirimli,https://www.trendyol.com/cocuk-akademi/miknatisli-yapboz-ciftlik-hayvanlari-p-893267279
Kitap,Çocuk Akademi,7'den 70'e Türkiye Atlası,Sepette İndirimli,https://www.trendyol.com/cocuk-akademi/7-den-70-e-turkiye-atlasi-p-937160613
Kitap,Yediiklim Yayınları,Tüm Adaylar için Yedi Adımda Temel Matematik Video Konu Anlatımlı Video Çözümlü Soru Bankası,"289,00 TL",https://www.trendyol.com/yediiklim-yayinlari/tum-adaylar-icin-yedi-adimda-temel-matematik-video-konu-anlatimli-video-cozumlu-soru-bankasi-p-398010469
Kitap,Çocuk Akademi,Cirtlı Konuşma Vakti Kitabı,Sepette İndirimli,https://www.trendyol.com/cocuk-akademi/cirtli-konusma-vakti-kitabi-p-819069917
Kitap,Çocuk Gezegeni,Tablet Modunda Bilsem Hazırlık Kitabı 1. Sınıf,"257,35 TL
270,90 TL",https://www.trendyol.com/cocuk-gezegeni/tablet-modunda-bilsem-hazirlik-kitabi-1-sinif-p-36552762
Kitap,Hocawebde Yayınları,2026 KPSS Genel Kültür Coğrafya Soru - Deneme - Video Ders - Harita Seti (Engin Eraydın),"539,10 TL
569,05 TL",https://www.trendyol.com/hocawebde-yayinlari/2026-kpss-genel-kultur-cografya-soru-deneme-video-ders-harita-seti-engin-eraydin-p-971845808
Kitap,yükselen zeka,PanoBig - Dünyanın En Büyük Etkinlik Kitabı,Sepette İndirimli,https://www.trendyol.com/yukselen-zeka/panobig-dunyanin-en-buyuk-etkinlik-kitabi-p-983965502
Kitap,Pegem Akademi Yayıncılık,AGS-KPSS-ALES-DGS Ezberbozan Paragraf Tamamı Video Çözümlü Soru Bankası,"260,00 TL",https://www.trendyol.com/pegem-akademi-yayincilik/ags-kpss-ales-dgs-ezberbozan-paragraf-tamami-video-cozumlu-soru-bankasi-p-31256185
Hobi,İTHALCİM,"300 Ledli 10 Sarkıt Perde Led Işık-8 Fonksiyon, Uzaktan Kumandalı, 3x3 Metre","300,00 TL",https://www.trendyol.com/ithalcim/300-ledli-10-sarkit-perde-led-isik-8-fonksiyon-uzaktan-kumandali-3x3-metre-p-463385501
Hobi,Unichrome,"300 Ledli 10 Sarkıt Perde Led Işık-8 Fonksiyon, Uzaktan Kumandalı, 3x3 Metre, Düz Askı","219,90 TL",https://www.trendyol.com/unichrome/300-ledli-10-sarkit-perde-led-isik-8-fonksiyon-uzaktan-kumandali-3x3-metre-duz-aski-p-1055637550
Hobi,Cata,100 Ledli Günışığı 10 M Led beyaz ışık,"139,00 TL",https://www.trendyol.com/cata/100-ledli-gunisigi-10-m-led-beyaz-isik-p-66029901
Hobi,sgeteknoloji,"Hareket Sensörlü 16 Led 400mah Şarjlı 2 Renk Beyaz Ve Gün Işığı Led Auto Dolap Içi, Koridor Type-c.",Sepette İndirimli,https://www.trendyol.com/sgeteknoloji/hareket-sensorlu-16-led-400mah-sarjli-2-renk-beyaz-ve-gun-isigi-led-auto-dolap-ici-koridor-type-c-p-82309248
Hobi,Genel Markalar,İsme Özel Yılbaşı Ağaç Süsü / Hatıra Yılbaşı Ağaç Süsü Hediyelik,"45,00 TL",https://www.trendyol.com/genel-markalar/isme-ozel-yilbasi-agac-susu-hatira-yilbasi-agac-susu-hediyelik-p-765303500
Hobi,Genel Markalar,1 Adet Taşınabilir Cep Parfüm Şişesi Doldurma Atomizer Çantalık Dolabilir Mini Şişe 5ml,"21,00 TL",https://www.trendyol.com/genel-markalar/1-adet-tasinabilir-cep-parfum-sisesi-doldurma-atomizer-cantalik-dolabilir-mini-sise-5ml-p-775206492
Hobi,Ezupack,20'li 200Cc Kübik Prizma Mika Magnolya Kase Plastik Tatlı Sunum Kabı Dondurma Puding Meze Salata Cup,"88,00 TL",https://www.trendyol.com/ezupack/20-li-200cc-kubik-prizma-mika-magnolya-kase-plastik-tatli-sunum-kabi-dondurma-puding-meze-salata-cup-p-952235026
Hobi,Genel Markalar,1lü Kalın Cam Eğimli Pipet,"7,00 TL",https://www.trendyol.com/genel-markalar/1lu-kalin-cam-egimli-pipet-p-306881454
Hobi,CANVELA,"1 Adet Yılbaşı Temalı 13x27,5 Cm Opp Yapışkansız Poşet ve Kurdele Seti",Sepette İndirimli,https://www.trendyol.com/canvela/1-adet-yilbasi-temali-13x27-5-cm-opp-yapiskansiz-poset-ve-kurdele-seti-p-1047854714
Hobi,Waldern,6lı Şeker Kamışı Yılbaşı Süs 7cm,"129,00 TL",https://www.trendyol.com/waldern/6li-seker-kamisi-yilbasi-sus-7cm-p-870728972
Hobi,Magic Hobby,Peri Led Işık 3 Metre (Sarı),"29,90 TL",https://www.trendyol.com/magic-hobby/peri-led-isik-3-metre-sari-p-37507372
Hobi,Waldern,4lü Yılbaşı Çam Ağacı Kardan Adam Süs 8 cm,"235,00 TL",https://www.trendyol.com/waldern/4lu-yilbasi-cam-agaci-kardan-adam-sus-8-cm-p-162165956
Hobi,Waldern,Premium Luxury Series 180 Cm Yılbaşı Çam Ağacı,"2.249,00 TL",https://www.trendyol.com/waldern/premium-luxury-series-180-cm-yilbasi-cam-agaci-p-155564632
Hobi,Waldern,Yılbaşı 6lı Merry Christmas Çan Süs 5cm,"149,00 TL",https://www.trendyol.com/waldern/yilbasi-6li-merry-christmas-can-sus-5cm-p-367848820
Hobi,Parti dolabı,6'lı Yılbaşı Ağaç Süsü Baston Kırmızı Şeker Kamışı Ağaç Süsü Yeni Yıl Ağaç Süsleri,Sepette İndirimli,https://www.trendyol.com/parti-dolabi/6-li-yilbasi-agac-susu-baston-kirmizi-seker-kamisi-agac-susu-yeni-yil-agac-susleri-p-778983751
Hobi,Waldern,"Yılbaşı Çam Ağacı Süsü Noel Baba 6'lı 6,5cm","199,00 TL",https://www.trendyol.com/waldern/yilbasi-cam-agaci-susu-noel-baba-6-li-6-5cm-p-65001239
Hobi,Huzur Party Store,10 Metre Günışığı Yılbaşı Yeni Yıl Ağacı Işığı Süsü Peri Led Işık Sarı Pilli Ledli Gece 3 Fonksiyon,Sepette İndirimli,https://www.trendyol.com/huzur-party-store/10-metre-gunisigi-yilbasi-yeni-yil-agaci-isigi-susu-peri-led-isik-sari-pilli-ledli-gece-3-fonksiyon-p-274320815
Hobi,Huzur Party Store,5 Metre Günışığı Yılbaşı Ağacı Işığı Süsü Peri Led Işık Sarı Işıklı Dekoratif Pilli Ledli Lamba,"74,99 TL
80,36 TL",https://www.trendyol.com/huzur-party-store/5-metre-gunisigi-yilbasi-agaci-isigi-susu-peri-led-isik-sari-isikli-dekoratif-pilli-ledli-lamba-p-262249704
Hobi,Waldern,Yılbaşı Çam Ağacı Topu 3cm 20 Adet Karma,"151,05 TL
159,00 TL",https://www.trendyol.com/waldern/yilbasi-cam-agaci-topu-3cm-20-adet-karma-p-158459407
Hobi,Waldern,Yılbaşı Çam Ağacı Süsü Renkli 4 Cm 12li Cici Top,"299,00 TL",https://www.trendyol.com/waldern/yilbasi-cam-agaci-susu-renkli-4-cm-12li-cici-top-p-66863188
Ayakkabı,NİŞANTAŞI SHOES,Mini Koyu Bej Süet İçi Kürklü Kalın Taban Kadın Bot,"-%31
619,90 TL
909,99 TL",https://www.trendyol.com/nisantasi-shoes/mini-koyu-bej-suet-ici-kurklu-kalin-taban-kadin-bot-p-776871454
Ayakkabı,Tonny Black,Kadın Kahve Kalın Poli Taban İçi Kürklü Süet Görünümlü Bot,"474,95 TL
499,95 TL",https://www.trendyol.com/tonny-black/kadin-kahve-kalin-poli-taban-ici-kurklu-suet-gorunumlu-bot-p-995645141
Ayakkabı,Tonny Black,Unisex Beyaz Siyah Termo Taban Yanı Şeritli Bağcıklı Spor Ayakkabı,Sepette İndirimli,https://www.trendyol.com/tonny-black/unisex-beyaz-siyah-termo-taban-yani-seritli-bagcikli-spor-ayakkabi-p-879885114
Ayakkabı,adidas,Samba Kadın Spor Ayakkabı IG9030,"4.120,00 TL",https://www.trendyol.com/adidas/samba-kadin-spor-ayakkabi-ig9030-p-842643231
Ayakkabı,Marjin,Kadın Topuklu Bot Küt Burun Arkadan Fermuarlı Nayis siyah,"1.399,00 TL
1.420,00 TL",https://www.trendyol.com/marjin/kadin-topuklu-bot-kut-burun-arkadan-fermuarli-nayis-siyah-p-147610479
Ayakkabı,Pull & Bear,Basic spor ayakkabı,"1.490,00 TL",https://www.trendyol.com/pull-bear/basic-spor-ayakkabi-p-815510010
Ayakkabı,adidas,JI2651 JI2651 HANDBALL SPEZIAL W,"2.187,99 TL",https://www.trendyol.com/adidas/ji2651-ji2651-handball-spezial-w-p-893280981
Ayakkabı,Stradivarius,Streç Bilekli Orta Boy Topuklu Bot,"1.890,00 TL",https://www.trendyol.com/stradivarius/strec-bilekli-orta-boy-topuklu-bot-p-741434962
Ayakkabı,DARK SEER,Beyaz Unisex Sneaker,"629,55 TL
699,50 TL",https://www.trendyol.com/dark-seer/beyaz-unisex-sneaker-p-42713792
Ayakkabı,POLKA STORE,Look Tozluk Detaylı Tak-Çıkar Aparatlı Çizme Bot Topuklu Sivri Burun Fermuarlı Kadın Ayakkabı,"949,99 TL",https://www.trendyol.com/polka-store/look-tozluk-detayli-tak-cikar-aparatli-cizme-bot-topuklu-sivri-burun-fermuarli-kadin-ayakkabi-p-992011901
Ayakkabı,NOVELLAM SHOES,Kadın Luunnaa Su Geçirmez Dikişli Termo Taban Çizme,"619,38 TL",https://www.trendyol.com/novellam-shoes/kadin-luunnaa-su-gecirmez-dikisli-termo-taban-cizme-p-992734608
Ayakkabı,NİŞANTAŞI SHOES,Mini Taba Süet Içi Kürklü Kalın Taban Kadın Bot,"-%19
739,99 TL
919,99 TL",https://www.trendyol.com/nisantasi-shoes/mini-taba-suet-ici-kurklu-kalin-taban-kadin-bot-p-410773478
Ayakkabı,Riccon,Siyah Cilt Kadın Çizme 0012360,"849,00 TL",https://www.trendyol.com/riccon/siyah-cilt-kadin-cizme-0012360-p-135941803
Ayakkabı,Tonny Black,Kadın Taba Kalın Poli Taban İçi Kürklü Süet Görünümlü Bot,"493,95 TL
519,95 TL",https://www.trendyol.com/tonny-black/kadin-taba-kalin-poli-taban-ici-kurklu-suet-gorunumlu-bot-p-995645151
Ayakkabı,DARK SEER,Beyaz Mavi Unisex Sneaker,"655,65 TL
692,07 TL",https://www.trendyol.com/dark-seer/beyaz-mavi-unisex-sneaker-p-35839749
Ayakkabı,Ravens Shoes,Kadın Siyah Deri Streç Bilek Boy Kalın Topuklu Bot Ayakkabı Fermuarlı,"587,31 TL
611,00 TL",https://www.trendyol.com/ravens-shoes/kadin-siyah-deri-strec-bilek-boy-kalin-topuklu-bot-ayakkabi-fermuarli-p-789178527
Ayakkabı,bakacstore,Venessa Kadın Siyah Sivri Burun Orta Boy Topuklu Bot,"688,40 TL
739,00 TL",https://www.trendyol.com/bakacstore/venessa-kadin-siyah-sivri-burun-orta-boy-topuklu-bot-p-856103520
Ayakkabı,Lio Shoes,Kadın Bot Siyah Kalın Topuklu Streç Boots,"659,00 TL
699,00 TL",https://www.trendyol.com/lio-shoes/kadin-bot-siyah-kalin-topuklu-strec-boots-p-863399366
Ayakkabı,NİŞANTAŞI SHOES,Herbert Siyah Mat Sivri Burun Kadın Kısa Topuklu Çizme,Sepette İndirimli,https://www.trendyol.com/nisantasi-shoes/herbert-siyah-mat-sivri-burun-kadin-kisa-topuklu-cizme-p-863690306
Ayakkabı,POLKA STORE,Look Tozluk Detaylı Tak-Çıkar Aparatlı Çizme Bot Topuklu Sivri Burun Fermuarlı Kadın Ayakkabı,"949,99 TL",https://www.trendyol.com/polka-store/look-tozluk-detayli-tak-cikar-aparatli-cizme-bot-topuklu-sivri-burun-fermuarli-kadin-ayakkabi-p-992011920
Bahçe & Yapı Market,MKLAKS,96 Mm Siyah Plastik Mobilya Dolap Çekmece Boru Kulp – Şık Ve Dayanıklı Tasarım,"9,00 TL",https://www.trendyol.com/mklaks/96-mm-siyah-plastik-mobilya-dolap-cekmece-boru-kulp-sik-ve-dayanikli-tasarim-p-926010925
Bahçe & Yapı Market,Genel Markalar,Kendinden Yapışkanlı Beyaz Mermer Desen Pvc Panel 30x60cm Banyo Wc Mutfak,"-%22
27,09 TL
34,90 TL",https://www.trendyol.com/genel-markalar/kendinden-yapiskanli-beyaz-mermer-desen-pvc-panel-30x60cm-banyo-wc-mutfak-p-806501708
Bahçe & Yapı Market,Genel Markalar,30x60 Cm Beyaz Siyah Mermer Desenli Kendinden Yapışkanlı Seramik Köpük Banyo PVC Duvar Paneli-6013,"33,90 TL",https://www.trendyol.com/genel-markalar/30x60-cm-beyaz-siyah-mermer-desenli-kendinden-yapiskanli-seramik-kopuk-banyo-pvc-duvar-paneli-6013-p-837988479
Bahçe & Yapı Market,Ulaş Hırdavat,Lüx Dolap Çekmece Kulpu Kumru Kulp 1 Adet 128mm Mobilya Kulpları,"8,10 TL",https://www.trendyol.com/ulas-hirdavat/lux-dolap-cekmece-kulpu-kumru-kulp-1-adet-128mm-mobilya-kulplari-p-350019960
Bahçe & Yapı Market,Ulaş Hırdavat,Siyah Kulp 160 Mm Sert Polimer Kulp(VİDA DAHİL ) MOBİLYA MUTFAK BANYO,"7,90 TL",https://www.trendyol.com/ulas-hirdavat/siyah-kulp-160-mm-sert-polimer-kulp-vida-dahil-mobilya-mutfak-banyo-p-276294458
Bahçe & Yapı Market,MKLAKS,Mantar Plastik Düğme Siyah Yuvarlak Mobilya Çekmece Düğme Kulp – Dayanıklı Ve Şık Tasarım,"8,57 TL",https://www.trendyol.com/mklaks/mantar-plastik-dugme-siyah-yuvarlak-mobilya-cekmece-dugme-kulp-dayanikli-ve-sik-tasarim-p-922424329
Bahçe & Yapı Market,BLUE SİDE,"7,5 metre Yapay Çiçek Doğalgaz Borusu Mutfak Borusu Kapatıcı Sarmaşık Kapatıcı","34,00 TL",https://www.trendyol.com/blue-side/7-5-metre-yapay-cicek-dogalgaz-borusu-mutfak-borusu-kapatici-sarmasik-kapatici-p-961645285
Bahçe & Yapı Market,ysftasarım,YakutYapı Tavan Kaplama Köpüğü Paris Desen ( 1 Adet ),"18,52 TL",https://www.trendyol.com/ysftasarim/yakutyapi-tavan-kaplama-kopugu-paris-desen-1-adet-p-872463173
Bahçe & Yapı Market,Genel Markalar,Mat Siyah Kulp Modelleri Dolap Çekmece Mobilya Kulbu 96 Mm [ 1 Adet ] Sert Polimer,"8,50 TL",https://www.trendyol.com/genel-markalar/mat-siyah-kulp-modelleri-dolap-cekmece-mobilya-kulbu-96-mm-1-adet-sert-polimer-p-42805952
Bahçe & Yapı Market,MKLAKS,Mantar Plastik Düğme Beyaz Yuvarlak Mobilya Çekmece Düğme Kulp – Dayanıklı Ve Şık Tasarım,"11,50 TL",https://www.trendyol.com/mklaks/mantar-plastik-dugme-beyaz-yuvarlak-mobilya-cekmece-dugme-kulp-dayanikli-ve-sik-tasarim-p-922428942
Bahçe & Yapı Market,BienHome,30x60 Cm Açık Gri Mermer Desenli Kendinden Yapışkanlı Seramik Köpük Banyo PVC Duvar Paneli,"34,90 TL",https://www.trendyol.com/bienhome/30x60-cm-acik-gri-mermer-desenli-kendinden-yapiskanli-seramik-kopuk-banyo-pvc-duvar-paneli-p-837989046
Bahçe & Yapı Market,Amentes,7.5 Metre Tel Yaprak Doğalgaz Borusu Süsü Şerit Yapay Taç Sarmaşık Çiçek Süs,"35,00 TL",https://www.trendyol.com/amentes/7-5-metre-tel-yaprak-dogalgaz-borusu-susu-serit-yapay-tac-sarmasik-cicek-sus-p-884483992
Bahçe & Yapı Market,Ferled,6w Downlight Led Panel Naturel Işık 4000K - Tavan Spot,Sepette İndirimli,https://www.trendyol.com/ferled/6w-downlight-led-panel-naturel-isik-4000k-tavan-spot-p-1010526669
Bahçe & Yapı Market,Plant Home Power Mix,1 Litre  Salon Bitkileri Çiçek Toprağı – Böcek Sinek Yapmayan İthal Karışım,"14,99 TL",https://www.trendyol.com/plant-home-power-mix/1-litre-salon-bitkileri-cicek-topragi-bocek-sinek-yapmayan-ithal-karisim-p-882731451
Bahçe & Yapı Market,ARVALE,"Çekmece Kulbu Takma Tırnaklı Çekmece Klozet Kulpu , Kalp Klozet Kapağı Kulpu / Sifon Kulpu","10,70 TL",https://www.trendyol.com/arvale/cekmece-kulbu-takma-tirnakli-cekmece-klozet-kulpu-kalp-klozet-kapagi-kulpu-sifon-kulpu-p-883649386
Bahçe & Yapı Market,Renkli Duvarlar,50x54cm 1 Adet Yapışkanlı Esnek Köpük Duvar Kağıdı Paneli 3D 2mm Tuğla Desenli Panel,"24,90 TL",https://www.trendyol.com/renkli-duvarlar/50x54cm-1-adet-yapiskanli-esnek-kopuk-duvar-kagidi-paneli-3d-2mm-tugla-desenli-panel-p-348157704
Bahçe & Yapı Market,casadilegno,Ogwanto Metal Profil Çıtaları Dekorasyon Yapma Çıta Sarma Yeşil Yapraklı Yapay Sarmaşık 230 Cm. – Ç,"24,00 TL",https://www.trendyol.com/casadilegno/ogwanto-metal-profil-citalari-dekorasyon-yapma-cita-sarma-yesil-yaprakli-yapay-sarmasik-230-cm-c-p-158062114
Bahçe & Yapı Market,AYGÖREN HOME,20'li Halı Kilim Koltuk Örtüsü Sabitleyici Kaydırmaz Cırt Yıkanabilir Kendinden Yapışkanlı Ped,"79,90 TL",https://www.trendyol.com/aygoren-home/20-li-hali-kilim-koltuk-ortusu-sabitleyici-kaydirmaz-cirt-yikanabilir-kendinden-yapiskanli-ped-p-827002536
Bahçe & Yapı Market,anonim,Dekoratif Yapraklı Tel 7 Metre Süs Çiçek – Dış Mekan Sarmaşık Bitkileri,"30,00 TL
32,00 TL",https://www.trendyol.com/anonim/dekoratif-yaprakli-tel-7-metre-sus-cicek-dis-mekan-sarmasik-bitkileri-p-835213086
Bahçe & Yapı Market,Genel Markalar,2'li Kaydırmaz Çizdirmez A Kalite Mobilya Sandalye Masa Zemin Silikon Koruyucu Pabuç Ayak Kılıf,"10,01 TL",https://www.trendyol.com/genel-markalar/2-li-kaydirmaz-cizdirmez-a-kalite-mobilya-sandalye-masa-zemin-silikon-koruyucu-pabuc-ayak-kilif-p-786740663
Süpermarket,Zühre Ana,Bromelain Ananas İçeren Detox Şurubu,"199,90 TL",https://www.trendyol.com/zuhre-ana/bromelain-ananas-iceren-detox-surubu-p-796088323
Süpermarket,GLİNT,Çok Amaçlı Bitkisel İçerikli Temizleyici Yağ Çözücü ve Kireç Sökücü 1 Litre,"99,00 TL",https://www.trendyol.com/glint/cok-amacli-bitkisel-icerikli-temizleyici-yag-cozucu-ve-kirec-sokucu-1-litre-p-1014998885
Süpermarket,HARMANA,Hindiba Kahvesi  1 Aylık - (60 Kullanım) Net 150gr,Sepette İndirimli,https://www.trendyol.com/harmana/hindiba-kahvesi-1-aylik-60-kullanim-net-150gr-p-288620006
Süpermarket,STOP Forte,Leke Çıkarıcı,"130,00 TL",https://www.trendyol.com/stop-forte/leke-cikarici-p-795882353
Süpermarket,Zühre Ana,Karadut Özü 670 Gr,"199,90 TL",https://www.trendyol.com/zuhre-ana/karadut-ozu-670-gr-p-712245449
Süpermarket,icollagen,Kolajen Ve Probiyotik Tablet,"210,00 TL",https://www.trendyol.com/icollagen/kolajen-ve-probiyotik-tablet-p-752356123
Süpermarket,dokuru,Çilek Kuru Meyve Cipsi - Dondurularak Kurutulmuş Freeze Dried Çıtır Çilek,Sepette İndirimli,https://www.trendyol.com/dokuru/cilek-kuru-meyve-cipsi-dondurularak-kurutulmus-freeze-dried-citir-cilek-p-739045260
Süpermarket,STOP Forte,Derz Temizleyici,"130,00 TL",https://www.trendyol.com/stop-forte/derz-temizleyici-p-902396218
Süpermarket,Zühre Ana,Ananas Sirkesi Doğal Fermantasyon Pineapple Vinegar 500 Ml,"199,90 TL",https://www.trendyol.com/zuhre-ana/ananas-sirkesi-dogal-fermantasyon-pineapple-vinegar-500-ml-p-796176401
Süpermarket,Herbamina,Inülin Ve Bromelain Coffee - 90gr,"398,33 TL",https://www.trendyol.com/herbamina/inulin-ve-bromelain-coffee-90gr-p-864929980
Süpermarket,Kahve Dünyası,Lavi Çikolata 1 Kg Bayram Hediyesi,"575,00 TL
595,00 TL",https://www.trendyol.com/kahve-dunyasi/lavi-cikolata-1-kg-bayram-hediyesi-p-102419395
Süpermarket,Zühre Ana,"Kids Çocuklar için Özel - Arı Sütü, Pekmez, Bal Ve Vitamin Katkılı Kakaolu Macun","199,90 TL",https://www.trendyol.com/zuhre-ana/kids-cocuklar-icin-ozel-ari-sutu-pekmez-bal-ve-vitamin-katkili-kakaolu-macun-p-130593681
Süpermarket,Zühre Ana,Kozalak Macunu - Çam Kozalağı Macunu Hologramlı Ürün,"199,90 TL",https://www.trendyol.com/zuhre-ana/kozalak-macunu-cam-kozalagi-macunu-hologramli-urun-p-49226069
Süpermarket,Zühre Ana,Orman Meyveleri Özü 640 Gr,"199,90 TL",https://www.trendyol.com/zuhre-ana/orman-meyveleri-ozu-640-gr-p-979072793
Süpermarket,AYGÖREN HOME,100 Adet Pratik Tazeliği Koruyan Tencere ve Tabak Bonesi | Çok Amaçlı Kapak Gıda Bonesi,"33,80 TL",https://www.trendyol.com/aygoren-home/100-adet-pratik-tazeligi-koruyan-tencere-ve-tabak-bonesi-cok-amacli-kapak-gida-bonesi-p-814204510
Süpermarket,STOP Forte,Yağ Kir ve Kireç Çözücü,"130,00 TL",https://www.trendyol.com/stop-forte/yag-kir-ve-kirec-cozucu-p-902393896
Süpermarket,Zühre Ana,Tropikal Meyve Özü 640 Gr,"199,90 TL",https://www.trendyol.com/zuhre-ana/tropikal-meyve-ozu-640-gr-p-881275699
Süpermarket,Evonox,Clean Granül Çamaşır Parfümü & Çamaşır Yumuşatıcı Tokyo 210 gr,"-%11
266,08 TL
299,90 TL",https://www.trendyol.com/evonox/clean-granul-camasir-parfumu-camasir-yumusatici-tokyo-210-gr-p-942332343
Süpermarket,Melwiss Chocolate,Sütlü Tatlı Sos 330 gr- Waffle & Krep & Pankek Sosu,"-%15
189,90 TL
225,20 TL",https://www.trendyol.com/melwiss-chocolate/sutlu-tatli-sos-330-gr-waffle-krep-pankek-sosu-p-968271853
Süpermarket,STOP Forte,Tuvalet/WC ve Banyo Temizleyici,"130,00 TL",https://www.trendyol.com/stop-forte/tuvalet-wc-ve-banyo-temizleyici-p-902391290
