KAYNAK,Ürün Adı,Fiyat,Link,Marka
a101.csv,Altus AL 101 YB 10 kg Çamaşır Kurutma Makinesi,Fiyat Sepette,https://www.a101.com.tr/elektronik/altus-al-101-yb-10-kg-camasir-kurutma-makinesi_p-26065735,
a101.csv,Altus AL 445 NX 5 Programlı Bulaşık Makinesi,Fiyat Sepette,https://www.a101.com.tr/elektronik/altus-al-445-nx-5-programli-bulasik-makinesi_p-26065727,
a101.csv,Altus AL 93 YB 9 Kg Çamaşır Kurutma Makinesi,Fiyat Sepette,https://www.a101.com.tr/elektronik/altus-al-93-yb-9-kg-camasir-kurutma-makinesi_p-26065734,
a101.csv,Xiaomi Smart Air Purifier 4 Compact Hava Temizleyici,Fiyat Sepette,https://www.a101.com.tr/elektronik/xiaomi-smart-air-purifier-4-compact-hava-temizleyici_p-26031425,
a101.csv,Ugg Ultra Mini 1116109-CHE Kadın Bot Kahverengi,Fiyat Sepette,https://www.a101.com.tr/giyim-aksesuar/ugg-ultra-mini-1116109-che-kadin-bot-kahverengi_p-26031817,
a101.csv,Altus AL CM 121460 D 12 Kg 1400 Devir Çamaşır Makinesi,Fiyat Sepette,https://www.a101.com.tr/elektronik/altus-al-cm-121460-d-12-kg-1400-devir-camasir-makinesi_p-26065749,
a101.csv,Ugg Tazz II 1174471-BLK Kadın Terlik Siyah,Fiyat Sepette,https://www.a101.com.tr/giyim-aksesuar/ugg-tazz-ii-1174471-blk-kadin-terlik-siyah_p-26065898,
a101.csv,Altus AL KM 1160 11 Kg Çamaşır Kurutma Makinesi,Fiyat Sepette,https://www.a101.com.tr/elektronik/altus-al-km-1160-11-kg-camasir-kurutma-makinesi_p-26065744,
a101.csv,Volta VM5 Neo Üç Tekerlekli Moped Mavi,Fiyat Sepette,https://www.a101.com.tr/oto-bahce-yapi/volta-vm5-neo-uc-tekerlekli-moped-mavi_p-26062923,
a101.csv,Altus AL CM 101254 D 10 Kg 1200 Devir Çamaşır Makinesi,Fiyat Sepette,https://www.a101.com.tr/elektronik/altus-al-cm-101254-d-10-kg-1200-devir-camasir-makinesi_p-26065729,
a101.csv,Altus AL 81 YB 8 Kg Çamaşır Kurutma Makinesi,Fiyat Sepette,https://www.a101.com.tr/elektronik/altus-al-81-yb-8-kg-camasir-kurutma-makinesi_p-26065732,
a101.csv,Apple iPhone 13 128 GB Cep Telefonu Beyaz,Fiyat Sepette,https://www.a101.com.tr/elektronik/apple-iphone-13-128-gb-cep-telefonu-beyaz_p-26020876,
a101.csv,Apple iPhone 17 Pro Max 256 GB Cep Telefonu Gümüş,Fiyat Sepette,https://www.a101.com.tr/elektronik/apple-iphone-17-pro-max-256-gb-cep-telefonu-gumus_p-26066404,
a101.csv,SEG SCM 91M10 INV 9 Kg 1000 Devir Çamaşır Makinesi,Fiyat Sepette,https://www.a101.com.tr/elektronik/seg-scm-91m10-inv-9-kg-1000-devir-camasir-makinesi_p-26058073,
a101.csv,Apple iPhone 17 256 GB Cep Telefonu Beyaz,Fiyat Sepette,https://www.a101.com.tr/elektronik/apple-iphone-17-256-gb-cep-telefonu-beyaz_p-26064633,
a101.csv,SEG DD 6196 6 Çekmeceli Derin Dondurucu,Fiyat Sepette,https://www.a101.com.tr/elektronik/seg-dd-6196-6-cekmeceli-derin-dondurucu_p-26047375,
a101.csv,Altus AL CM 91050 9 Kg 1000 Devir Çamaşır Makinesi,Fiyat Sepette,https://www.a101.com.tr/elektronik/altus-al-cm-91050-9-kg-1000-devir-camasir-makinesi_p-26065742,
a101.csv,Apple iPhone 16 128 GB Cep Telefonu Laciverttaş,Fiyat Sepette,https://www.a101.com.tr/elektronik/apple-iphone-16-128-gb-cep-telefonu-laciverttas_p-26053252,
a101.csv,SEG SCM 10M12 INV 10 Kg 1200 Devir Çamaşır Makinesi,Fiyat Sepette,https://www.a101.com.tr/elektronik/seg-scm-10m12-inv-10-kg-1200-devir-camasir-makinesi_p-26058127,
a101.csv,Volta VM5 Neo Üç Tekerlekli Moped Kırmızı,Fiyat Sepette,https://www.a101.com.tr/oto-bahce-yapi/volta-vm5-neo-uc-tekerlekli-moped-kirmizi_p-26062922,
a101.csv,Apple iPhone 16 128 GB Cep Telefonu Deniz Mavisi,Fiyat Sepette,https://www.a101.com.tr/elektronik/apple-iphone-16-128-gb-cep-telefonu-deniz-mavisi_p-26053252,
a101.csv,"Stanley The AeroLight Transit 10-10787-247 Termos Bardak 0,47 L Fuşya",Fiyat Sepette,https://www.a101.com.tr/ev-yasam/stanley-the-aerolight-transit-10-10787-247-termos-bardak-0-47-l-fusya_p-26046364,
a101.csv,Stanley The Stay-Hot Camp 10-09366-171 Klasik Paslanmaz Çelik Termos Bardak 350 ml Açık Mavi,Fiyat Sepette,https://www.a101.com.tr/ev-yasam/stanley-the-stay-hot-camp-10-09366-171-klasik-paslanmaz-celik-termos-bardak-350-ml-acik-mavi_p-26019529,
a101.csv,Xiaomi Fan Heater 2000 W Fanlı Isıtıcı,Fiyat Sepette,https://www.a101.com.tr/elektronik/xiaomi-fan-heater-2000-w-fanli-isitici_p-26065936,
a101.csv,Arzum AR695 Peta Seramik Tabanlı Ütü,Fiyat Sepette,https://www.a101.com.tr/elektronik/arzum-ar695-peta-seramik-tabanli-utu_p-26008340,
a101.csv,Arzum Okka OK004 Türk Kahvesi Makinesi Siyah,Fiyat Sepette,https://www.a101.com.tr/elektronik/arzum-okka-ok004-turk-kahvesi-makinesi-siyah_p-26057510,
a101.csv,"Stanley AeroLight Transit Mug 10-10788-096 Termos Bardak 0,35 L Nane Yeşili",Fiyat Sepette,https://www.a101.com.tr/ev-yasam/stanley-aerolight-transit-mug-10-10788-096-termos-bardak-0-35-l-nane-yesili_p-26046366,
a101.csv,"Stanley Adventure 10-01287-032 Vakumlu Çelik Yemek Termosu 0,53 L",Fiyat Sepette,https://www.a101.com.tr/ev-yasam/stanley-adventure-10-01287-032-vakumlu-celik-yemek-termosu-0-53-l_p-26019483,
a101.csv,"Stanley Classic Legendary 10-07934-003 Klasik Model Termos 1,9 L Yeşil",Fiyat Sepette,https://www.a101.com.tr/ev-yasam/stanley-classic-legendary-10-07934-003-klasik-model-termos-1-9-l-yesil_p-26017659,
a101.csv,Katlanabilir Kamp Sandalyesi 74x51x80 cm Lacivert,Fiyat Sepette,https://www.a101.com.tr/ev-yasam/katlanabilir-kamp-sandalyesi-74x51x80-cm-lacivert_p-26014370,
a101.csv,"Stanley 10-09382-111 Klasik Kaşıklı Yemek Termosu 0,40 L Açık Gri",Fiyat Sepette,https://www.a101.com.tr/ev-yasam/stanley-10-09382-111-klasik-kasikli-yemek-termosu-0-40-l-acik-gri_p-26019524,
a101.csv,Emaye Barkaç 20 cm Yeşil Beyaz,Fiyat Sepette,https://www.a101.com.tr/ev-yasam/emaye-barkac-20-cm-yesil-beyaz_p-26059476,
a101.csv,Adidas Superstar FU7712 Kadın Spor Ayakkabı Beyaz,Fiyat Sepette,https://www.a101.com.tr/giyim-aksesuar/adidas-superstar-fu7712-kadin-spor-ayakkabi-beyaz_p-26032383,
a101.csv,"Stanley AeroLight Transit Mug 10-10788-104 Termos Bardak 0,35 L Açık Gri",Fiyat Sepette,https://www.a101.com.tr/ev-yasam/stanley-aerolight-transit-mug-10-10788-104-termos-bardak-0-35-l-acik-gri_p-26046366,
a101.csv,Oral-B Genius X Yapay Zeka Destekli Şarj Edilebilir Diş Fırçası Beyaz,Fiyat Sepette,https://www.a101.com.tr/kozmetik-kisisel-bakim/oral-b-genius-x-yapay-zeka-destekli-sarj-edilebilir-dis-fircasi-beyaz_p-26030890,
a101.csv,Oral-B Sensitive Şarjlı Diş Fırçası Yedek Başlığı 6’lı,Fiyat Sepette,https://www.a101.com.tr/kozmetik-kisisel-bakim/oral-b-sensitive-sarjli-dis-fircasi-yedek-basligi-6-li_p-26046480,
a101.csv,"Toshiba 43UV3363DT 43"" 4K Ultra HD Smart LED TV",Fiyat Sepette,https://www.a101.com.tr/elektronik/toshiba-43uv3363dt-43-4k-ultra-hd-smart-led-tv_p-26062040,
a101.csv,"Onvo 32VL80F2HA 32"" Frameless HD Whale OS 10 Android Led TV",Fiyat Sepette,https://www.a101.com.tr/elektronik/onvo-32vl80f2ha-32-frameless-hd-whale-os-10-android-led-tv-_p-26066238,
a101.csv,"Hi Level 55UHL750 55"" UHD Smart TV",Fiyat Sepette,https://www.a101.com.tr/elektronik/hi-level-55uhl750-55-uhd-smart-tv_p-26061240,
a101.csv,Fissler Vitaquick Premium 602-810-08-070 Düdüklü Tencere 8 L,Fiyat Sepette,https://www.a101.com.tr/ev-yasam/fissler-vitaquick-premium-602-810-08-070-duduklu-tencere-8-l_p-26066355,
a101.csv,"Fissler Vitaquick Premium 602-410-03-070 Düdüklü Tencere 3,5 L+Buharlı Pişirme Aparatı",Fiyat Sepette,https://www.a101.com.tr/ev-yasam/fissler-vitaquick-premium-602-410-03-070-duduklu-tencere-3-5-l-buharli-pisirme-aparati_p-26066356,
a101.csv,Fantom Carbon DC500 Dikey Süpürge Gri,Fiyat Sepette,https://www.a101.com.tr/elektronik/fantom-carbon-dc500-dikey-supurge-gri_p-26042179,
a101.csv,"Philips 55PUS8309 4K Ultra HD 55"" Uydu Alıcılı Smart LED TV",Fiyat Sepette,https://www.a101.com.tr/elektronik/philips-55pus8309-4k-ultra-hd-55-uydu-alicili-smart-led-tv_p-26060585,
a101.csv,"Stanley IceFlow Flip Straw Tumbler 10-12044-043 Pipetli Termos 0,60 L Beyaz",Fiyat Sepette,https://www.a101.com.tr/ev-yasam/stanley-iceflow-flip-straw-tumbler-10-12044-043-pipetli-termos-0-60-l-beyaz_p-26061966,
a101.csv,Goodwest Cam Ankastre Set 3'lü Beyaz,Fiyat Sepette,https://www.a101.com.tr/elektronik/goodwest-cam-ankastre-set-3-lu-beyaz_p-26038087,
a101.csv,Hilfe Akım Korumalı 3 Priz 2 USB 1 Type-C Uzatma Kablosu,Fiyat Sepette,https://www.a101.com.tr/oto-bahce-yapi/hilfe-akim-korumali-3-priz-2-usb-1-type-c-uzatma-kablosu_p-26055975,
a101.csv,"Fissler Vitaquick Premium 602-410-03-000 Düdüklü Tencere 3,5 L",Fiyat Sepette,https://www.a101.com.tr/ev-yasam/fissler-vitaquick-premium-602-410-03-000-duduklu-tencere-3-5-l_p-26051940,
a101.csv,SEG LFW 3252 Buzdolabı,Fiyat Sepette,https://www.a101.com.tr/elektronik/seg-lfw-3252-buzdolabi_p-26052602,
a101.csv,SEG LF 2831 Buzdolabı,Fiyat Sepette,https://www.a101.com.tr/elektronik/seg-lf-2831-buzdolabi_p-26046959,
a101.csv,Kzy Mobilya Çok Amaçlı Dolap 110 cm Beyaz,Fiyat Sepette,https://www.a101.com.tr/ev-yasam/kzy-mobilya-cok-amacli-dolap-110-cm-beyaz_p-26065403,
a101.csv,Evdemo Art 2 Kapaklı Erzak Kiler Dolabı Beyaz,Fiyat Sepette,https://www.a101.com.tr/ev-yasam/evdemo-art-2-kapakli-erzak-kiler-dolabi-beyaz_p-26055323,
a101.csv,"JVC LT-65VA3405T 65"" 4K Ultra HD Android TV",Fiyat Sepette,https://www.a101.com.tr/elektronik/jvc-lt-65va3405t-65-4k-ultra-hd-android-tv_p-26048269,
a101.csv,"Fissler Vitaquick Premium 602-410-13-080 Düdüklü Tencere Seti 6 + 3,5 L",Fiyat Sepette,https://www.a101.com.tr/ev-yasam/fissler-vitaquick-premium-602-410-13-080-duduklu-tencere-seti-6-3-5-l-_p-26051273,
a101.csv,Volta VS2 Elektrikli Moped Kırmızı,Fiyat Sepette,https://www.a101.com.tr/oto-bahce-yapi/volta-vs2-elektrikli-moped-kirmizi_p-26022109,
a101.csv,"Axen AX50FMN501 4K Ultra HD 50"" 127 Ekran Uydu Alıcılı Smart LED TV",Fiyat Sepette,https://www.a101.com.tr/elektronik/axen-ax50fmn501-4k-ultra-hd-50-127-ekran-uydu-alicili-smart-led-tv_p-26064363,
a101.csv,Remaks 2 Kapaklı Çok Amaçlı Dolap Meşe Beyaz,Fiyat Sepette,https://www.a101.com.tr/ev-yasam/remaks-2-kapakli-cok-amacli-dolap-mese-beyaz_p-26057325,
a101.csv,Onvo OVDSS01XPLUS 250 W Dikey Şarjlı Süpürge,Fiyat Sepette,https://www.a101.com.tr/elektronik/onvo-ovdss01xplus-250-w-dikey-sarjli-supurge_p-26058085,
a101.csv,"Stanley The AeroLight Transit 10-10787-251 Termos Bardak 0,47 L Turuncu",Fiyat Sepette,https://www.a101.com.tr/ev-yasam/stanley-the-aerolight-transit-10-10787-251-termos-bardak-0-47-l-turuncu_p-26046364,
a101.csv,Sinbo SSC-6429 El Tipi Buharlı Temizleyici,Fiyat Sepette,https://www.a101.com.tr/elektronik/sinbo-ssc-6429-el-tipi-buharli-temizleyici_p-26062012,
a101.csv,Kiwi KCC 4321 Buharlı Halı Yıkama Makinesi Beyaz,Fiyat Sepette,https://www.a101.com.tr/elektronik/kiwi-kcc-4321-buharli-hali-yikama-makinesi-beyaz_p-26056106,
a101.csv,Volta VS2 Elektrikli Moped Siyah,Fiyat Sepette,https://www.a101.com.tr/oto-bahce-yapi/volta-vs2-elektrikli-moped-siyah_p-26022110,
a101.csv,Sinbo SSC-6423 Buharlı Temizleyici,Fiyat Sepette,https://www.a101.com.tr/elektronik/sinbo-ssc-6423-buharli-temizleyici_p-26061609,
a101.csv,Newton Cam Ankastre Set Beyaz (F-17-GLS 640-MFA400),Fiyat Sepette,https://www.a101.com.tr/elektronik/newton-cam-ankastre-set-beyaz-f-17-gls-640-mfa400-_p-26038320,
a101.csv,Volta Yide SE03 Max Elektrikli Moped,Fiyat Sepette,https://www.a101.com.tr/oto-bahce-yapi/volta-yide-se03-max-elektrikli-moped_p-26030350,
a101.csv,Bosch Unlimited 7 BBS712XTR Şarjlı Dikey Süpürge,Fiyat Sepette,https://www.a101.com.tr/elektronik/bosch-unlimited-7-bbs712xtr-sarjli-dikey-supurge_p-26066432,
a101.csv,Flavel Koltuk ve Halı Yıkama Makinesi,Fiyat Sepette,https://www.a101.com.tr/elektronik/flavel-koltuk-ve-hali-yikama-makinesi_p-26059539,
a101.csv,Ferre 45630 Mini Fırın 45 L Beyaz,Fiyat Sepette,https://www.a101.com.tr/elektronik/ferre-45630-mini-firin-45-l-beyaz_p-26064616,
a101.csv,Sinbo SMX-2769 Stantlı Mikser,Fiyat Sepette,https://www.a101.com.tr/elektronik/sinbo-smx-2769-stantli-mikser_p-26045944,
a101.csv,Samsung WW90CGC04DAEAH 1400 Devir DIT Motor Çamaşır Makinesi 9 kg Beyaz,Fiyat Sepette,https://www.a101.com.tr/elektronik/samsung-ww90cgc04daeah-1400-devir-dit-motor-camasir-makinesi-9-kg-beyaz_p-26051211,
a101.csv,Kiwi KHT-8415 Elektrikli Isıtıcı Fan,Fiyat Sepette,https://www.a101.com.tr/elektronik/kiwi-kht-8415-elektrikli-isitici-fan_p-26043059,
a101.csv,Sinbo STM-5840 Elektrikli Çay Makinesi,Fiyat Sepette,https://www.a101.com.tr/elektronik/sinbo-stm-5840-elektrikli-cay-makinesi_p-26053035,
a101.csv,Newton Cam Ankastre Set Siyah (F-17-GLS 640-MFA400),Fiyat Sepette,https://www.a101.com.tr/elektronik/newton-cam-ankastre-set-siyah-f-17-gls-640-mfa400-_p-26031596,
a101.csv,Pierre Cardin M20001 Boyun Masaj Aleti,Fiyat Sepette,https://www.a101.com.tr/elektronik/pierre-cardin-m20001-boyun-masaj-aleti_p-26054585,
a101.csv,"Stanley Classic Legendary 10-07935-045 Klasik Model Termos 2,3 L Siyah",Fiyat Sepette,https://www.a101.com.tr/ev-yasam/stanley-classic-legendary-10-07935-045-klasik-model-termos-2-3-l-siyah_p-26036116,
a101.csv,SEG NF 4831 No-Frost Buzdolabı,Fiyat Sepette,https://www.a101.com.tr/elektronik/seg-nf-4831-no-frost-buzdolabi_p-26046817,
a101.csv,"Stanley Quencher H2.O FlowState Tumbler 10-11825-271 Pipetli Termos 0,89 L Açık Mavi",Fiyat Sepette,https://www.a101.com.tr/ev-yasam/stanley-quencher-h2-o-flowstate-tumbler-10-11825-271-pipetli-termos-0-89-l-acik-mavi_p-26062004,
a101.csv,Kzy Mobilya 8 Raflı 2 Kapaklı 16R Çok Amaçlı Dolap Beyaz,Fiyat Sepette,https://www.a101.com.tr/ev-yasam/kzy-mobilya-8-rafli-2-kapakli-16r-cok-amacli-dolap-beyaz_p-26065415,
a101.csv,"Stanley Quencher H2.O FlowState Tumbler 10-10827-738 Pipetli Termos 0,89 L Beyaz",Fiyat Sepette,https://www.a101.com.tr/ev-yasam/stanley-quencher-h2-o-flowstate-tumbler-10-10827-738-pipetli-termos-0-89-l-beyaz_p-26062004,
a101.csv,Bingo Pro Max Hepsi Bir Arada Bulaşık Makinesi Tableti 60 Adet,Fiyat Sepette,https://www.a101.com.tr/market/bingo-pro-max-hepsi-bir-arada-bulasik-makinesi-tableti-60-adet_p-22002759,
a101.csv,Tecno Spark 10 Pro 256 GB 8 GB RAM Cep Telefonu Beyaz,Fiyat Sepette,https://www.a101.com.tr/elektronik/tecno-spark-10-pro-256-gb-8-gb-ram-cep-telefonu-beyaz_p-26038106,
a101.csv,Dijitsu DBD250K Buzdolabı,Fiyat Sepette,https://www.a101.com.tr/elektronik/dijitsu-dbd250k-buzdolabi_p-26065328,
a101.csv,Evdemo 2 Kapaklı Erzak Kiler Dolabı,Fiyat Sepette,https://www.a101.com.tr/ev-yasam/evdemo-2-kapakli-erzak-kiler-dolabi_p-26059267,
a101.csv,SEG SBM 4021 XIE 4 Programlı Bulaşık Makinesi,Fiyat Sepette,https://www.a101.com.tr/elektronik/seg-sbm-4021-xie-4-programli-bulasik-makinesi_p-26064818,
a101.csv,Molmo Oyuncak Dikey Elektrik Süpürgesi,Fiyat Sepette,https://www.a101.com.tr/anne-bebek-oyuncak/molmo-oyuncak-dikey-elektrik-supurgesi_p-26058117,
a101.csv,SEG BM 4001 4 Programlı Bulaşık Makinesi,Fiyat Sepette,https://www.a101.com.tr/elektronik/seg-bm-4001-4-programli-bulasik-makinesi_p-26017829,
a101.csv,Piranha Dijital Hava Kompresörü,Fiyat Sepette,https://www.a101.com.tr/oto-bahce-yapi/piranha-dijital-hava-kompresoru_p-26014530,
a101.csv,Volta VS2 Elektrikli Moped Ihlamur Yeşili,Fiyat Sepette,https://www.a101.com.tr/oto-bahce-yapi/volta-vs2-elektrikli-moped-ihlamur-yesili_p-26066399,
a101.csv,Samsung VC07R302MVB/TR Cyclone Süpürge,Fiyat Sepette,https://www.a101.com.tr/elektronik/samsung-vc07r302mvb-tr-cyclone-supurge_p-26012096,
a101.csv,Sinbo SSM-2590 Inox Tost Makinesi,Fiyat Sepette,https://www.a101.com.tr/elektronik/sinbo-ssm-2590-inox-tost-makinesi_p-26045943,
a101.csv,Philips 6000 Serisi XC6557/01 Şarjlı Dikey Süpürge,Fiyat Sepette,https://www.a101.com.tr/elektronik/philips-6000-serisi-xc6557-01-sarjli-dikey-supurge_p-26060376,
a101.csv,SEG CM 911 INV 9 Kg Çamaşır Makinesi,Fiyat Sepette,https://www.a101.com.tr/elektronik/seg-cm-911-inv-9-kg-camasir-makinesi_p-26057824,
a101.csv,"LG 55UA85006LA 55"" 139 Ekran 4K Ultra HD LED Smart TV",Fiyat Sepette,https://www.a101.com.tr/elektronik/lg-55ua85006la-55-139-ekran-4k-ultra-hd-led-smart-tv-_p-26066430,
a101.csv,Sezeray Serni 4 Katlı Sepetli Oyuncak Dolabı Renkli,Fiyat Sepette,https://www.a101.com.tr/anne-bebek-oyuncak/sezeray-serni-4-katli-sepetli-oyuncak-dolabi-renkli_p-26066857,
a101.csv,"Stanley IceFlow Flip Straw Tumbler 10-12044-046 Pipetli Termos 0,60 L Gri",Fiyat Sepette,https://www.a101.com.tr/ev-yasam/stanley-iceflow-flip-straw-tumbler-10-12044-046-pipetli-termos-0-60-l-gri_p-26061966,
a101.csv,"Stanley Quencher H2.O FlowState Tumbler 10-10826-307 Pipetli Termos 0,6 L Lila",Fiyat Sepette,https://www.a101.com.tr/ev-yasam/stanley-quencher-h2-o-flowstate-tumbler-10-10826-307-pipetli-termos-0-6-l-lila_p-26061995,
a101.csv,Xiaomi Humidifier 2 Lite Hava Nemlendirici,Fiyat Sepette,https://www.a101.com.tr/elektronik/xiaomi-humidifier-2-lite-hava-nemlendirici_p-26048510,
a101.csv,Doğtaş Hilda Köşe Takımı Krem,Fiyat Sepette,https://www.a101.com.tr/ev-yasam/dogtas-hilda-kose-takimi-krem_p-26067001,
a101.csv,Ugg Ultra Mini 1116109-GREY Kadın Bot Gri,Fiyat Sepette,https://www.a101.com.tr/giyim-aksesuar/ugg-ultra-mini-1116109-grey-kadin-bot-gri_p-26031817,
a101.csv,Piranha 900510000 mAh Yüksek Hızlı Powerbank,Fiyat Sepette,https://www.a101.com.tr/elektronik/piranha-900510000-mah-yuksek-hizli-powerbank_p-25005740,
a101.csv,SEG NFX 4802 No-Frost Buzdolabı,Fiyat Sepette,https://www.a101.com.tr/elektronik/seg-nfx-4802-no-frost-buzdolabi_p-26051410,
a101.csv,Azdome M200 Oto Araç Kamerası,Fiyat Sepette,https://www.a101.com.tr/oto-bahce-yapi/azdome-m200-oto-arac-kamerasi_p-26061896,
a101.csv,"Fissler Vitaquick Premium 602-410-13-090 Düdüklü Tencere Seti 6,5+3,5 L+Buharlı Pişirme Aparatı",Fiyat Sepette,https://www.a101.com.tr/ev-yasam/fissler-vitaquick-premium-602-410-13-090-duduklu-tencere-seti-6-5-3-5-l-buharli-pisirme-aparati_p-26066627,
a101.csv,PP 3'lü Valiz Seti Koyu Siyah,Fiyat Sepette,https://www.a101.com.tr/giyim-aksesuar/pp-3-lu-valiz-seti-koyu-siyah_p-26040954,
a101.csv,Garaj Home Elmas Çok Amaçlı Raflı Kahve Köşesi Dolabı Meşe,Fiyat Sepette,https://www.a101.com.tr/ev-yasam/garaj-home-elmas-cok-amacli-rafli-kahve-kosesi-dolabi-mese_p-26058362,
a101.csv,"Stanley The IceFlow Flip Straw 2.0 10-12111-068 Pipetli Termos Bardak 1,06 L Lila",Fiyat Sepette,https://www.a101.com.tr/ev-yasam/stanley-the-iceflow-flip-straw-2-0-10-12111-068-pipetli-termos-bardak-1-06-l-lila_p-26061963,
a101.csv,Xiaomi Redmi Note 14 256 GB 8 GB RAM Cep Telefonu Siyah,Fiyat Sepette,https://www.a101.com.tr/elektronik/xiaomi-redmi-note-14-256-gb-8-gb-ram-cep-telefonu-siyah_p-26057057,
a101.csv,Walke W-Fit Uzaktan Kumandalı Katlanabilir Koşu Bandı,Fiyat Sepette,https://www.a101.com.tr/ev-yasam/walke-w-fit-uzaktan-kumandali-katlanabilir-kosu-bandi_p-26064556,
a101.csv,Altus AL 413P 3 Programlı Bulaşık Makinesi,Fiyat Sepette,https://www.a101.com.tr/elektronik/altus-al-413p-3-programli-bulasik-makinesi_p-26065726,
a101.csv,Seg LFW 4701 Low Frost Buzdolabı,Fiyat Sepette,https://www.a101.com.tr/elektronik/seg-lfw-4701-low-frost-buzdolabi_p-26063652,
a101.csv,Xiaomi Smart Humidifier 2 Buhar Makinesi,Fiyat Sepette,https://www.a101.com.tr/elektronik/xiaomi-smart-humidifier-2-buhar-makinesi_p-26048509,
a101.csv,Ugg Ultra Mini Platform 1135092-BLK Kadın Bot Siyah,Fiyat Sepette,https://www.a101.com.tr/giyim-aksesuar/ugg-ultra-mini-platform-1135092-blk-kadin-bot-siyah-_p-26044411,
a101.csv,Go Smart GS-TWS-25 Bluetooth Kulakiçi Kulaklık,Fiyat Sepette,https://www.a101.com.tr/elektronik/go-smart-gs-tws-25-bluetooth-kulakici-kulaklik_p-25006365,
a101.csv,Garaj Home 6 Kapaklı Dolap Beyaz,Fiyat Sepette,https://www.a101.com.tr/ev-yasam/garaj-home-6-kapakli-dolap-beyaz_p-26052769,
a101.csv,"Stanley Classic Legendary Camp Mug 10-11444-037 Çelik Termos Bardak 0,23 L Pembe",Fiyat Sepette,https://www.a101.com.tr/ev-yasam/stanley-classic-legendary-camp-mug-10-11444-037-celik-termos-bardak-0-23-l-pembe_p-26059322,
a101.csv,"Wmf Perfect 792639590 Düdüklü Tencere 6,5 L",Fiyat Sepette,https://www.a101.com.tr/ev-yasam/wmf-perfect-792639590-duduklu-tencere-6-5-l_p-26053872,
a101.csv,Samsung WW11DG5B25AEAH Çamaşır Makinesi 11 kg Beyaz,Fiyat Sepette,https://www.a101.com.tr/elektronik/samsung-ww11dg5b25aeah-camasir-makinesi-11-kg-beyaz-_p-26065747,
a101.csv,"Stanley Quencher H2.O Tumbler 10-10824-501 Pipetli Bardak 1,18 L Koyu Pembe",Fiyat Sepette,https://www.a101.com.tr/ev-yasam/stanley-quencher-h2-o-tumbler-10-10824-501-pipetli-bardak-1-18-l-koyu-pembe_p-26053026,
a101.csv,Mobilique Poyraz 1 2 Kapaklı 7 Raflı Çok Amaçlı Dolap Beyaz,Fiyat Sepette,https://www.a101.com.tr/ev-yasam/mobilique-poyraz-1-2-kapakli-7-rafli-cok-amacli-dolap-beyaz_p-26062763,
a101.csv,Kiwi KSPG-4819 Kahve ve Baharat Öğütücü Kırmızı,Fiyat Sepette,https://www.a101.com.tr/elektronik/kiwi-kspg-4819-kahve-ve-baharat-ogutucu-kirmizi_p-26066738,
a101.csv,Sinbo SMX-2774 El Mikseri Siyah,Fiyat Sepette,https://www.a101.com.tr/elektronik/sinbo-smx-2774-el-mikseri-siyah_p-26061470,
a101.csv,Hilfe Akım Korumalı USB'li Priz Çoklayıcı,Fiyat Sepette,https://www.a101.com.tr/oto-bahce-yapi/hilfe-akim-korumali-usb-li-priz-coklayici_p-26055976,
a101.csv,"Brita Aluna XL Filtreli Sürahi 3,5 L",Fiyat Sepette,https://www.a101.com.tr/ev-yasam/brita-aluna-xl-filtreli-surahi-3-5-l_p-26022317,
a101.csv,Philips 5000 Serisi HDA150/61 Türk Kahvesi Makinesi,Fiyat Sepette,https://www.a101.com.tr/elektronik/philips-5000-serisi-hda150-61-turk-kahvesi-makinesi_p-26050652,
a101.csv,"Stanley The Everyday 10-13101-016 Çelik Termos Bardak 0,35 L Kahverengi",Fiyat Sepette,https://www.a101.com.tr/ev-yasam/stanley-the-everyday-10-13101-016-celik-termos-bardak-0-35-l-kahverengi-_p-26066075,
a101.csv,Sezeray LND Özge 5 Kapaklı Fırın Bölmeli Çok Amaçlı Dolap Beyaz,Fiyat Sepette,https://www.a101.com.tr/ev-yasam/sezeray-lnd-ozge-5-kapakli-firin-bolmeli-cok-amacli-dolap-beyaz_p-26067121,
a101.csv,SEG CM 10121 INV 10 Kg 1200 Devir Çamaşır Makinesi,Fiyat Sepette,https://www.a101.com.tr/elektronik/seg-cm-10121-inv-10-kg-1200-devir-camasir-makinesi_p-26058046,
a101.csv,Samsung DW60DG540FSRTR 4 Programlı Bulaşık Makinesi Inox,Fiyat Sepette,https://www.a101.com.tr/elektronik/samsung-dw60dg540fsrtr-4-programli-bulasik-makinesi-inox_p-26052587,
a101.csv,"Stanley IceFlow Fast Flow 10-11287-327 Soğuk Su Termosu 0,70 L Pembe",Fiyat Sepette,https://www.a101.com.tr/ev-yasam/stanley-iceflow-fast-flow-10-11287-327-soguk-su-termosu-0-70-l-pembe_p-26062000,
a101.csv,Altus AL CM 81050 R 8 Kg 1000 Devir Çamaşır Makinesi,Fiyat Sepette,https://www.a101.com.tr/elektronik/altus-al-cm-81050-r-8-kg-1000-devir-camasir-makinesi_p-26065738,
a101.csv,Regal BT 901 Büro Tipi Buzdolabı,Fiyat Sepette,https://www.a101.com.tr/elektronik/regal-bt-901-buro-tipi-buzdolabi_p-26047376,
a101.csv,"Stanley Quencher H2.O FlowState Tumbler 10-10826-303 Pipetli Termos 0,6 L Pembe",Fiyat Sepette,https://www.a101.com.tr/ev-yasam/stanley-quencher-h2-o-flowstate-tumbler-10-10826-303-pipetli-termos-0-6-l-pembe_p-26061995,
a101.csv,Philips Azur 7000 Serisi DST7040/80 2800 W Buharlı Ütü,Fiyat Sepette,https://www.a101.com.tr/elektronik/philips-azur-7000-serisi-dst7040-80-2800-w-buharli-utu_p-26060377,
a101.csv,Philips PowerPro City FC9332/07 650 W Toz Torbasız Süpürge,Fiyat Sepette,https://www.a101.com.tr/elektronik/philips-powerpro-city-fc9332-07-650-w-toz-torbasiz-supurge_p-26057819,
a101.csv,"Stanley 10-09382-004 Klasik Kaşıklı Yemek Termosu 0,40 L Yeşil",Fiyat Sepette,https://www.a101.com.tr/ev-yasam/stanley-10-09382-004-klasik-kasikli-yemek-termosu-0-40-l-yesil_p-26019524,
a101.csv,Garaj Home Nehir Çok Amaçlı 2 Raflı Kahve Köşesi Dolabı Meşe,Fiyat Sepette,https://www.a101.com.tr/ev-yasam/garaj-home-nehir-cok-amacli-2-rafli-kahve-kosesi-dolabi-mese_p-26058359,
a101.csv,Garaj Home Vera 3 Kapaklı 2 Çekmeceli Dolap Beyaz,Fiyat Sepette,https://www.a101.com.tr/ev-yasam/garaj-home-vera-3-kapakli-2-cekmeceli-dolap-beyaz_p-26063092,
a101.csv,Fissler Vitaquick Premium 602-810-11-000 Düdüklü Tencere Seti 8+4 L,Fiyat Sepette,https://www.a101.com.tr/ev-yasam/fissler-vitaquick-premium-602-810-11-000-duduklu-tencere-seti-8-4-l_p-26052571,
a101.csv,Sinbo SSM-2589 Belçika Waffle Makinesi,Fiyat Sepette,https://www.a101.com.tr/elektronik/sinbo-ssm-2589-belcika-waffle-makinesi_p-26045942,
a101.csv,Samsung RT47CG6636WWTR No Frost Buzdolabı,Fiyat Sepette,https://www.a101.com.tr/elektronik/samsung-rt47cg6636wwtr-no-frost-buzdolabi_p-26051208,
a101.csv,Cmk Store 2 Kapaklı Çok Amaçlı Dolap Beyaz,Fiyat Sepette,https://www.a101.com.tr/ev-yasam/cmk-store-2-kapakli-cok-amacli-dolap-beyaz_p-26053580,
a101.csv,Logi 3 Katlı Tuvalet Kağıdı 32'li,Fiyat Sepette,https://www.a101.com.tr/market/logi-3-katli-tuvalet-kagidi-32-li_p-23001492,
a101.csv,Nave CS-101 Mini Ev Tipi Dikiş Makinesi Beyaz,Fiyat Sepette,https://www.a101.com.tr/elektronik/nave-cs-101-mini-ev-tipi-dikis-makinesi-beyaz_p-26065907,
a101.csv,Garaj Home Yaren 4 Kapaklı 2 Çekmeceli Dolap Beyaz,Fiyat Sepette,https://www.a101.com.tr/ev-yasam/garaj-home-yaren-4-kapakli-2-cekmeceli-dolap-beyaz_p-26051594,
a101.csv,English Home MBS 3001 Mini Blender Seti Beyaz Bakır,Fiyat Sepette,https://www.a101.com.tr/elektronik/english-home-mbs-3001-mini-blender-seti-beyaz-bakir_p-26059431,
a101.csv,Aprilla AFM 2880 Boyun Masaj Aleti,Fiyat Sepette,https://www.a101.com.tr/elektronik/aprilla-afm-2880-boyun-masaj-aleti_p-26056293,
a101.csv,Sinbo SCM-2978 Otomatik Türk Kahvesi Makinesi,Fiyat Sepette,https://www.a101.com.tr/elektronik/sinbo-scm-2978-otomatik-turk-kahvesi-makinesi_p-26045652,
a101.csv,Regal RK1000 Kablolu Dik Süpürge,Fiyat Sepette,https://www.a101.com.tr/elektronik/regal-rk1000-kablolu-dik-supurge_p-26060532,
a101.csv,"Stanley IceFlow Flip Straw Tumbler 10-12044-047 Pipetli Termos 0,60 L Lacivert",Fiyat Sepette,https://www.a101.com.tr/ev-yasam/stanley-iceflow-flip-straw-tumbler-10-12044-047-pipetli-termos-0-60-l-lacivert_p-26061966,
a101.csv,"Stanley Cafe To-Go Mug 10-12080-042 Termos Bardak 0,35 L Lacivert",Fiyat Sepette,https://www.a101.com.tr/ev-yasam/stanley-cafe-to-go-mug-10-12080-042-termos-bardak-0-35-l-lacivert_p-26064888,
a101.csv,Garaj Home Yakut Çok Amaçlı Dolaplı Kahve Köşesi Beyaz,Fiyat Sepette,https://www.a101.com.tr/ev-yasam/garaj-home-yakut-cok-amacli-dolapli-kahve-kosesi-beyaz_p-26065075,
a101.csv,SEG SCM 10M12 S INV 10 Kg 1200 Devir Çamaşır Makinesi Gri,Fiyat Sepette,https://www.a101.com.tr/elektronik/seg-scm-10m12-s-inv-10-kg-1200-devir-camasir-makinesi-gri_p-26061390,
a101.csv,SEG SCM 12M12 INV 12 Kg 1200 Devir Çamaşır Makinesi,Fiyat Sepette,https://www.a101.com.tr/elektronik/seg-scm-12m12-inv-12-kg-1200-devir-camasir-makinesi_p-26060510,
a101.csv,Samsung Galaxy S21 FE G990B2 128 GB 8 GB RAM Cep Telefonu Grafit,Fiyat Sepette,https://www.a101.com.tr/elektronik/samsung-galaxy-s21-fe-g990b2-128-gb-8-gb-ram-cep-telefonu-grafit_p-26048055,
a101.csv,Remaks 5 Raflı Kitaplık Beyaz,Fiyat Sepette,https://www.a101.com.tr/ev-yasam/remaks-5-rafli-kitaplik-beyaz_p-26057331,
a101.csv,Xiaomi Robot Vacuum S20 Robot Süpürge Beyaz,Fiyat Sepette,https://www.a101.com.tr/elektronik/xiaomi-robot-vacuum-s20-robot-supurge-beyaz_p-26066512,
a101.csv,Xiaomi Redmi Note 14 Pro 256 GB 8 GB RAM Cep Telefonu Siyah,Fiyat Sepette,https://www.a101.com.tr/elektronik/xiaomi-redmi-note-14-pro-256-gb-8-gb-ram-cep-telefonu-siyah_p-26057058,
a101.csv,Samsung WW11DG6B25LEAH 11 Kg 1400 Devir Çamaşır Makinesi,Fiyat Sepette,https://www.a101.com.tr/elektronik/samsung-ww11dg6b25leah-11-kg-1400-devir-camasir-makinesi_p-26061727,
a101.csv,Apple iPhone 15 128 GB Cep Telefonu Siyah,Fiyat Sepette,https://www.a101.com.tr/elektronik/apple-iphone-15-128-gb-cep-telefonu-siyah_p-26043586,
a101.csv,Seg SE 4020 SBM 4 Programlı Bulaşık Makinesi,Fiyat Sepette,https://www.a101.com.tr/elektronik/seg-se-4020-sbm-4-programli-bulasik-makinesi_p-26056295,
a101.csv,Piranha Mini Kompresör,Fiyat Sepette,https://www.a101.com.tr/oto-bahce-yapi/piranha-mini-kompresor_p-26009366,
a101.csv,Arzum AR1167 Starblend Multi Blender Seti,Fiyat Sepette,https://www.a101.com.tr/elektronik/arzum-ar1167-starblend-multi-blender-seti_p-26025391,
a101.csv,Ruum Store Lena Çalışma Masası 60x120 cm,Fiyat Sepette,https://www.a101.com.tr/ev-yasam/ruum-store-lena-calisma-masasi-60x120-cm_p-26065931,
a101.csv,Belderia Pexma Maximum 26 Jant Çift Amortisörlü Bisiklet,Fiyat Sepette,https://www.a101.com.tr/ev-yasam/belderia-pexma-maximum-26-jant-cift-amortisorlu-bisiklet_p-26002424,
a101.csv,Apple Airpods MXP63TU/A 4. Nesil Kulaklık,Fiyat Sepette,https://www.a101.com.tr/elektronik/apple-airpods-mxp63tu-a-4-nesil-kulaklik_p-26053710,
a101.csv,"Samsung Galaxy Tab A9+ X218B 5G 128 GB 8 GB RAM 11"" Tablet Graphite",Fiyat Sepette,https://www.a101.com.tr/elektronik/samsung-galaxy-tab-a9-x218b-5g-128-gb-8-gb-ram-11-tablet-graphite_p-26052715,
a101.csv,Xiaomi Redmi 15C 256 GB 8 GB RAM Cep Telefonu Yeşil,Fiyat Sepette,https://www.a101.com.tr/elektronik/xiaomi-redmi-15c-256-gb-8-gb-ram-cep-telefonu-yesil_p-26064568,
a101.csv,"Stanley Aerolight Transit Mug 10-10788-095 Termos Bardak 0,35 L Fıstık Yeşili",Fiyat Sepette,https://www.a101.com.tr/ev-yasam/stanley-aerolight-transit-mug-10-10788-095-termos-bardak-0-35-l-fistik-yesili_p-26046366,
a101.csv,Remaks Kahve Köşesi Çok Amaçlı Dolap Beyaz,Fiyat Sepette,https://www.a101.com.tr/ev-yasam/remaks-kahve-kosesi-cok-amacli-dolap-beyaz_p-26057340,
a101.csv,Xiaomi Mi Box S 4K Android Tv Box 2. Nesil,Fiyat Sepette,https://www.a101.com.tr/elektronik/xiaomi-mi-box-s-4k-android-tv-box-2-nesil_p-26040281,
a101.csv,Kiwi KCJ-1807 Katı Meyve Sıkacağı,Fiyat Sepette,https://www.a101.com.tr/elektronik/kiwi-kcj-1807-kati-meyve-sikacagi_p-26029685,
a101.csv,Samsung DW60DG540FWQTR 4 Programlı Bulaşık Makinesi Beyaz,Fiyat Sepette,https://www.a101.com.tr/elektronik/samsung-dw60dg540fwqtr-4-programli-bulasik-makinesi-beyaz_p-26052586,
a101.csv,Pierre Cardin PC-A21103 Erkek Bakım Seti,Fiyat Sepette,https://www.a101.com.tr/kozmetik-kisisel-bakim/pierre-cardin-pc-a21103-erkek-bakim-seti_p-26047908,
a101.csv,Arzum AR2037 Mistost Tost Makinesi,Fiyat Sepette,https://www.a101.com.tr/elektronik/arzum-ar2037-mistost-tost-makinesi_p-26009585,
a101.csv,"Stanley Quencher H2.O FlowState Tumbler 10-10824-453 Pipetli Termos 1,18 L Bej",Fiyat Sepette,https://www.a101.com.tr/ev-yasam/stanley-quencher-h2-o-flowstate-tumbler-10-10824-453-pipetli-termos-1-18-l-bej_p-26053026,
a101.csv,Seg Termosifon 80 L,Fiyat Sepette,https://www.a101.com.tr/elektronik/seg-termosifon-80-l_p-26036126,
a101.csv,Dijitsu DJT300 Su Sebili,Fiyat Sepette,https://www.a101.com.tr/elektronik/dijitsu-djt300-su-sebili_p-26065326,
a101.csv,"Stanley The Quencher ProTour Flip Straw Tumbler 10-12486-098 Pipetli Termos 1,2 L Gri",Fiyat Sepette,https://www.a101.com.tr/ev-yasam/stanley-the-quencher-protour-flip-straw-tumbler-10-12486-098-pipetli-termos-1-2-l-gri_p-26061961,
a101.csv,"Stanley The IceFlow Bottle Twist Flip 10-11284-078 Termos 0,7 L Antrasit",Fiyat Sepette,https://www.a101.com.tr/ev-yasam/stanley-the-iceflow-bottle-twist-flip-10-11284-078-termos-0-7-l-antrasit_p-26064885,
a101.csv,Korkmaz Demkolik A359 Çay Makinesi Siyah Inox,Fiyat Sepette,https://www.a101.com.tr/elektronik/korkmaz-demkolik-a359-cay-makinesi-siyah-inox_p-26030598,
a101.csv,Korkmaz Riva A189-03 Çaydanlık Takımı Turkuaz,Fiyat Sepette,https://www.a101.com.tr/ev-yasam/korkmaz-riva-a189-03-caydanlik-takimi-turkuaz_p-26036762,
a101.csv,Onvo OVTM01 Dijital Çay Makinesi,Fiyat Sepette,https://www.a101.com.tr/elektronik/onvo-ovtm01-dijital-cay-makinesi_p-26051545,
a101.csv,Kiwi KLR-1513 Yün Kazak Temizleme Cihazı,Fiyat Sepette,https://www.a101.com.tr/elektronik/kiwi-klr-1513-yun-kazak-temizleme-cihazi_p-26029686,
a101.csv,Kiwi KMX 3608 El Mikseri,Fiyat Sepette,https://www.a101.com.tr/elektronik/kiwi-kmx-3608-el-mikseri_p-26012168,
a101.csv,Altus AL 434P 4 Programlı Bulaşık Makinesi,Fiyat Sepette,https://www.a101.com.tr/elektronik/altus-al-434p-4-programli-bulasik-makinesi_p-26065728,
a101.csv,Paşabahçe Tokio Bardak Seti 12 Parça,Fiyat Sepette,https://www.a101.com.tr/ev-yasam/pasabahce-tokio-bardak-seti-12-parca_p-26064913,
a101.csv,Arzum DreamTea AR3134 Çay Makinesi,Fiyat Sepette,https://www.a101.com.tr/elektronik/arzum-dreamtea-ar3134-cay-makinesi_p-26066142,
a101.csv,Homend Handmaid 1908H Blender Seti Siyah Gri,Fiyat Sepette,https://www.a101.com.tr/elektronik/homend-handmaid-1908h-blender-seti-siyah-gri_p-26042136,
a101.csv,Altus AL CM 91050 D 9 Kg 1000 Devir Çamaşır Makinesi,Fiyat Sepette,https://www.a101.com.tr/elektronik/altus-al-cm-91050-d-9-kg-1000-devir-camasir-makinesi_p-26065730,
a101.csv,Dexim TB20 20000 mAh Powerbank,Fiyat Sepette,https://www.a101.com.tr/elektronik/dexim-tb20-20000-mah-powerbank_p-26065562,
a101.csv,Kiwi KSB-2251 Pro Stantlı Blender,Fiyat Sepette,https://www.a101.com.tr/elektronik/kiwi-ksb-2251-pro-stantli-blender_p-26064405,
a101.csv,Kiwi KWP8520 Stantlı Şarjlı Su Pompası Siyah,Fiyat Sepette,https://www.a101.com.tr/elektronik/kiwi-kwp8520-stantli-sarjli-su-pompasi-siyah_p-26043042,
a101.csv,SEG STF 65 Mekanik Silindirik Termosifon 65 L,Fiyat Sepette,https://www.a101.com.tr/elektronik/seg-stf-65-mekanik-silindirik-termosifon-65-l_p-26058830,
a101.csv,Go Smart TWS 15 Bluetooth Kulaklık / Powerbank,Fiyat Sepette,https://www.a101.com.tr/elektronik/go-smart-tws-15-bluetooth-kulaklik-powerbank_p-25005548,
a101.csv,Ugg Classic Micro 1173891-CHE Kadın Bot Kahverengi,Fiyat Sepette,https://www.a101.com.tr/giyim-aksesuar/ugg-classic-micro-1173891-che-kadin-bot-kahverengi_p-26066288,
a101.csv,Samsung EP-T2510 25 W Type-C Hızlı Şarj Adaptörü Beyaz,Fiyat Sepette,https://www.a101.com.tr/elektronik/samsung-ep-t2510-25-w-type-c-hizli-sarj-adaptoru-beyaz_p-25005552,
a101.csv,"Stanley Classic Legendary 10-07934-078 Klasik Model Termos 1,9 L Mavi",Fiyat Sepette,https://www.a101.com.tr/ev-yasam/stanley-classic-legendary-10-07934-078-klasik-model-termos-1-9-l-mavi_p-26017659,
a101.csv,Keramika Seramik Fincan Seti 2'li 184 cc Kiremit Bej,Fiyat Sepette,https://www.a101.com.tr/ev-yasam/keramika-seramik-fincan-seti-2-li-184-cc-kiremit-bej_p-26062652,
a101.csv,Molfix Bebek Bezi No:4 Maxi 100 Adet,Fiyat Sepette,https://www.a101.com.tr/anne-bebek-oyuncak/molfix-bebek-bezi-no-4-maxi-100-adet_p-23000852,
a101.csv,Evdemo Tema 6 Kapaklı 2 Çekmeceli Gardırop Atlantik Çam Beyaz,Fiyat Sepette,https://www.a101.com.tr/ev-yasam/evdemo-tema-6-kapakli-2-cekmeceli-gardirop-atlantik-cam-beyaz_p-26053730,
a101.csv,Stanley Adventure To-Go 10-10819-009 Çelik Termos 1 L Mavi,Fiyat Sepette,https://www.a101.com.tr/ev-yasam/stanley-adventure-to-go-10-10819-009-celik-termos-1-l-mavi_p-26046372,
a101.csv,Bosch GSR 12V-30 Vidalama Makinesi,Fiyat Sepette,https://www.a101.com.tr/oto-bahce-yapi/bosch-gsr-12v-30-vidalama-makinesi_p-26066597,
a101.csv,Hometech HT-54 Akıllı Tartı,Fiyat Sepette,https://www.a101.com.tr/elektronik/hometech-ht-54-akilli-tarti_p-26065878,
a101.csv,Xiaomi Redmi Buds 3 Bluetooth Kulaklık Beyaz,Fiyat Sepette,https://www.a101.com.tr/elektronik/xiaomi-redmi-buds-3-bluetooth-kulaklik-beyaz_p-25003704,
a101.csv,Tefal Cook & Clean Kızartma Tavası 2'li 22-28 cm,Fiyat Sepette,https://www.a101.com.tr/ev-yasam/tefal-cook-clean-kizartma-tavasi-2-li-22-28-cm_p-26058786,
a101.csv,Molfix Bebek Bezi No:6 XL 62 Adet,Fiyat Sepette,https://www.a101.com.tr/anne-bebek-oyuncak/molfix-bebek-bezi-no-6-xl-62-adet_p-23000854,
a101.csv,"Stanley Classic Legendary Camp Mug 10-09366-314 Klasik Paslanmaz Çelik Termos Bardak 0,35 L Lila",Fiyat Sepette,https://www.a101.com.tr/ev-yasam/stanley-classic-legendary-camp-mug-10-09366-314-klasik-paslanmaz-celik-termos-bardak-0-35-l-lila_p-26061990,
a101.csv,Tefal Ultimate Pure FV9848 3200 W Buharlı Ütü,Fiyat Sepette,https://www.a101.com.tr/elektronik/tefal-ultimate-pure-fv9848-3200-w-buharli-utu_p-26058603,
a101.csv,"WMF Perfect Plus Düdüklü Tencere 4,5 L",Fiyat Sepette,https://www.a101.com.tr/ev-yasam/wmf-perfect-plus-duduklu-tencere-4-5-l_p-26047247,
a101.csv,Evdemo Kilitli 4 Kapaklı Metal Ayakkabılık Antrasit,Fiyat Sepette,https://www.a101.com.tr/ev-yasam/evdemo-kilitli-4-kapakli-metal-ayakkabilik-antrasit_p-26060349,
a101.csv,Molfix Bebek Bezi No:5 Junior 78 Adet,Fiyat Sepette,https://www.a101.com.tr/anne-bebek-oyuncak/molfix-bebek-bezi-no-5-junior-78-adet_p-23000853,
a101.csv,Realme C61 RMX3930 128 GB 6 GB RAM Cep Telefonu Koyu Yeşil,Fiyat Sepette,https://www.a101.com.tr/elektronik/realme-c61-rmx3930-128-gb-6-gb-ram-cep-telefonu-koyu-yesil_p-26063224,
a101.csv,Kzy Mobilya 8 Raflı Çok Amaçlı Dolap Beyaz,Fiyat Sepette,https://www.a101.com.tr/ev-yasam/kzy-mobilya-8-rafli-cok-amacli-dolap-beyaz_p-26065400,
a101.csv,"Ahşap Çubuklu 4 Raflı Ayakkabılık 50x18,5x66 cm",Fiyat Sepette,https://www.a101.com.tr/ev-yasam/ahsap-cubuklu-4-rafli-ayakkabilik-50x18-5x66-cm_p-26058537,
a101.csv,The North Face Reversible Perrito NF0A7X4RNY71 Çocuk Mont Siyah Gri,Fiyat Sepette,https://www.a101.com.tr/giyim-aksesuar/the-north-face-reversible-perrito-nf0a7x4rny71-cocuk-mont-siyah-gri_p-26054664,
a101.csv,Korkmaz Demtez A369 Çelik Çay Makinesi Inox,Fiyat Sepette,https://www.a101.com.tr/elektronik/korkmaz-demtez-a369-celik-cay-makinesi-inox_p-26032078,
a101.csv,Logi 3 Katlı Kağıt Havlu 12'li,Fiyat Sepette,https://www.a101.com.tr/market/logi-3-katli-kagit-havlu-12-li_p-23001491,
a101.csv,Arzum Okka Minio Jet Türk Kahvesi Makinesi Siyah,Fiyat Sepette,https://www.a101.com.tr/elektronik/arzum-okka-minio-jet-turk-kahvesi-makinesi-siyah_p-26028595,
a101.csv,Lila Çift Kişilik Kenar Korumalı Yatak Alezi 160x200x30 cm,Fiyat Sepette,https://www.a101.com.tr/ev-yasam/lila-cift-kisilik-kenar-korumali-yatak-alezi-160x200x30-cm_p-26055830,
a101.csv,Aqua Bambu 3 Katlı Kağıt Havlu 16'lı,Fiyat Sepette,https://www.a101.com.tr/market/aqua-bambu-3-katli-kagit-havlu-16-li_p-23001569,
a101.csv,Apple iPhone 13 128 GB Cep Telefonu Siyah,Fiyat Sepette,https://www.a101.com.tr/elektronik/apple-iphone-13-128-gb-cep-telefonu-siyah_p-26020876,
a101.csv,Xiaomi Mi Tv Stick,Fiyat Sepette,https://www.a101.com.tr/elektronik/xiaomi-mi-tv-stick_p-26000050,
a101.csv,Pierre Cardin Elektrikli Katlanabilir Cezve,Fiyat Sepette,https://www.a101.com.tr/elektronik/pierre-cardin-elektrikli-katlanabilir-cezve_p-26058910,
a101.csv,Vip Ahmet Junior Temizlik Kova Seti,Fiyat Sepette,https://www.a101.com.tr/market/vip-ahmet-junior-temizlik-kova-seti_p-22002010,
a101.csv,Sensation 5 KW Taşınabilir Dizel Isıtıcı,Fiyat Sepette,https://www.a101.com.tr/oto-bahce-yapi/sensation-5-kw-tasinabilir-dizel-isitici_p-26056297,
a101.csv,Kiwi Kep-6833 IPL Tüy Alma Cihazı,Fiyat Sepette,https://www.a101.com.tr/elektronik/kiwi-kep-6833-ipl-tuy-alma-cihazi_p-26043597,
a101.csv,Sinbo SK-8026 Inox Kettle,Fiyat Sepette,https://www.a101.com.tr/elektronik/sinbo-sk-8026-inox-kettle_p-26045939,
a101.csv,Apple iPhone 15 128 GB Cep Telefonu Mavi,Fiyat Sepette,https://www.a101.com.tr/elektronik/apple-iphone-15-128-gb-cep-telefonu-mavi_p-26043586,
a101.csv,English Home Koltuk Örtüsü 170x210 cm Lacivert,Fiyat Sepette,https://www.a101.com.tr/ev-yasam/english-home-koltuk-ortusu-170x210-cm-lacivert_p-26066416,
a101.csv,Piranha 9946 Bluetooth Kulaklık,Fiyat Sepette,https://www.a101.com.tr/elektronik/piranha-9946-bluetooth-kulaklik_p-25002012,
a101.csv,"Stanley The Quencher ProTour Flip Straw Tumbler 10-12486-380 Pipetli Termos 1,2 L Turuncu",Fiyat Sepette,https://www.a101.com.tr/ev-yasam/stanley-the-quencher-protour-flip-straw-tumbler-10-12486-380-pipetli-termos-1-2-l-turuncu_p-26061961,
a101.csv,Fakir Prestige TS 2400 A+ 500 W Toz Torbalı Süpürge,Fiyat Sepette,https://www.a101.com.tr/elektronik/fakir-prestige-ts-2400-a-500-w-toz-torbali-supurge_p-26031516,
a101.csv,Go Smart TWS 10 Bluetooth Kulaklık,Fiyat Sepette,https://www.a101.com.tr/elektronik/go-smart-tws-10-bluetooth-kulaklik_p-25002350,
a101.csv,Realme C63 RMX3939 256 GB 8 GB RAM Cep Telefonu Mavi,Fiyat Sepette,https://www.a101.com.tr/elektronik/realme-c63-rmx3939-256-gb-8-gb-ram-cep-telefonu-mavi_p-26065086,
a101.csv,Orcamp CK-505 Çantalı Portatif Ocak 25x34 cm Kırmızı,Fiyat Sepette,https://www.a101.com.tr/ev-yasam/orcamp-ck-505-cantali-portatif-ocak-25x34-cm-kirmizi_p-26029721,
a101.csv,Noona G-512 Telefon Tutucu Siyah,Fiyat Sepette,https://www.a101.com.tr/oto-bahce-yapi/noona-g-512-telefon-tutucu-siyah_p-25007025,
a101.csv,Kiwi KTB-6020 Döner Başlıklı Diş Fırçası Kırmızı,Fiyat Sepette,https://www.a101.com.tr/kozmetik-kisisel-bakim/kiwi-ktb-6020-doner-baslikli-dis-fircasi-kirmizi_p-26048830,
a101.csv,Bosch Easy Impact 600 W 13 mm Darbeli Matkap Yeşil,Fiyat Sepette,https://www.a101.com.tr/oto-bahce-yapi/bosch-easy-impact-600-w-13-mm-darbeli-matkap-yesil_p-26066606,
a101.csv,Xiaomi Mi TV Stick 4K Android TV Medya Oynatıcı,Fiyat Sepette,https://www.a101.com.tr/elektronik/xiaomi-mi-tv-stick-4k-android-tv-medya-oynatici_p-26051289,
a101.csv,Piranha Şarjlı Zımba ve Çivi Makinesi,Fiyat Sepette,https://www.a101.com.tr/oto-bahce-yapi/piranha-sarjli-zimba-ve-civi-makinesi_p-26063842,
a101.csv,"Stanley The IceFlow Flip Straw 10-11283-146 Pipetli Termos Bardak 0,70 L Lacivert",Fiyat Sepette,https://www.a101.com.tr/ev-yasam/stanley-the-iceflow-flip-straw-10-11283-146-pipetli-termos-bardak-0-70-l-lacivert_p-26062001,
a101.csv,Sezeray LND Simay 2 Kapaklı Raflı Banyo Dolabı Beyaz,Fiyat Sepette,https://www.a101.com.tr/ev-yasam/sezeray-lnd-simay-2-kapakli-rafli-banyo-dolabi-beyaz_p-26067123,
a101.csv,Philips Daily Collection HD7301/00 Çay Makinesi,Fiyat Sepette,https://www.a101.com.tr/elektronik/philips-daily-collection-hd7301-00-cay-makinesi_p-26020814,
a101.csv,MGS Oyuncak Deluxe Süpürge Kırmızı,Fiyat Sepette,https://www.a101.com.tr/anne-bebek-oyuncak/mgs-oyuncak-deluxe-supurge-kirmizi_p-26066510,
a101.csv,Cem Döküm Tava 24 cm,Fiyat Sepette,https://www.a101.com.tr/ev-yasam/cem-dokum-tava-24-cm_p-26064609,
a101.csv,Aprilla AHS 2026 Saç Düzleştirici Siyah,Fiyat Sepette,https://www.a101.com.tr/elektronik/aprilla-ahs-2026-sac-duzlestirici-siyah_p-26043216,
a101.csv,Remaks 3 Raflı Kitaplık Beyaz,Fiyat Sepette,https://www.a101.com.tr/ev-yasam/remaks-3-rafli-kitaplik-beyaz_p-26057322,
a101.csv,"Stanley Quencher H2.O FlowState Tumbler 10-10827-946 Pipetli Termos 0,89 L Gri",Fiyat Sepette,https://www.a101.com.tr/ev-yasam/stanley-quencher-h2-o-flowstate-tumbler-10-10827-946-pipetli-termos-0-89-l-gri_p-26062004,
a101.csv,Puma Easy Rider Vintage 39902810 Erkek Spor Ayakkabı Siyah,Fiyat Sepette,https://www.a101.com.tr/giyim-aksesuar/puma-easy-rider-vintage-39902810-erkek-spor-ayakkabi-siyah_p-26061163,
a101.csv,Samsung Galaxy A16 128 GB 4 GB Ram Cep Telefonu Gri,Fiyat Sepette,https://www.a101.com.tr/elektronik/samsung-galaxy-a16-128-gb-4-gb-ram-cep-telefonu-gri_p-26061179,
a101.csv,"Stanley Quencher H2.O FlowState Tumbler 10-10826-306 Pipetli Termos 0,6 L Sarı",Fiyat Sepette,https://www.a101.com.tr/ev-yasam/stanley-quencher-h2-o-flowstate-tumbler-10-10826-306-pipetli-termos-0-6-l-sari_p-26061995,
a101.csv,Tien SC52 Motosiklet Çantası Siyah,Fiyat Sepette,https://www.a101.com.tr/oto-bahce-yapi/tien-sc52-motosiklet-cantasi-siyah_p-26064325,
a101.csv,Apple iPhone 16 128 GB Cep Telefonu Siyah,Fiyat Sepette,https://www.a101.com.tr/elektronik/apple-iphone-16-128-gb-cep-telefonu-siyah_p-26053252,
a101.csv,Oscar Bonel Yaylı Tek Kişilik Yatak 90x190x21 cm,Fiyat Sepette,https://www.a101.com.tr/ev-yasam/oscar-bonel-yayli-tek-kisilik-yatak-90x190x21-cm_p-26054275,
a101.csv,Xiaomi Vacuum Cleaner G20 Şarjlı Dikey Süpürge,Fiyat Sepette,https://www.a101.com.tr/elektronik/xiaomi-vacuum-cleaner-g20-sarjli-dikey-supurge_p-26066417,
a101.csv,Xiaomi Redmi 15C 256 GB 8 GB RAM Cep Telefonu Siyah,Fiyat Sepette,https://www.a101.com.tr/elektronik/xiaomi-redmi-15c-256-gb-8-gb-ram-cep-telefonu-siyah_p-26064568,
a101.csv,Ayaklı Cam Sunum Kasesi 19 cm,Fiyat Sepette,https://www.a101.com.tr/ev-yasam/ayakli-cam-sunum-kasesi-19-cm_p-26055569,
a101.csv,Remaks Small 5 Raflı Metal Kitaplık Meşe,Fiyat Sepette,https://www.a101.com.tr/ev-yasam/remaks-small-5-rafli-metal-kitaplik-mese_p-26057357,
a101.csv,English Home Tek Kişilik Yorgan 155x215 cm,Fiyat Sepette,https://www.a101.com.tr/ev-yasam/english-home-tek-kisilik-yorgan-155x215-cm_p-26043915,
a101.csv,Black+Decker BDCDD12KB Çift Akülü Vidalama Makinesi,Fiyat Sepette,https://www.a101.com.tr/oto-bahce-yapi/black-decker-bdcdd12kb-cift-akulu-vidalama-makinesi_p-26065047,
a101.csv,Orcamp CX500 Çakmaklı Kartuş Pürmüz Seti 227 G,Fiyat Sepette,https://www.a101.com.tr/ev-yasam/orcamp-cx500-cakmakli-kartus-purmuz-seti-227-g_p-26025746,
a101.csv,Pierre Cardin Çift Kişilik Mikrofiber Yorgan 195x215 cm,Fiyat Sepette,https://www.a101.com.tr/ev-yasam/pierre-cardin-cift-kisilik-mikrofiber-yorgan-195x215-cm_p-26060264,
a101.csv,Wmf Comfort Line Tencere Seti 5 Parça,Fiyat Sepette,https://www.a101.com.tr/ev-yasam/wmf-comfort-line-tencere-seti-5-parca_p-26036319,
a101.csv,Ugg Classic Mini 1016222-CHE Kadın Bot Kahverengi,Fiyat Sepette,https://www.a101.com.tr/giyim-aksesuar/ugg-classic-mini-1016222-che-kadin-bot-kahverengi_p-26029292,
a101.csv,Copier Bond Fotokopi A4 Kağıdı 500 Yaprak 80 G,Fiyat Sepette,https://www.a101.com.tr/kitap-kirtasiye/copier-bond-fotokopi-a4-kagidi-500-yaprak-80-g_p-25001104,
a101.csv,"Stanley Cafe To-Go Mug 10-12080-038 Termos Bardak 0,35 L Krem",Fiyat Sepette,https://www.a101.com.tr/ev-yasam/stanley-cafe-to-go-mug-10-12080-038-termos-bardak-0-35-l-krem_p-26064888,
a101.csv,Sinbo Işıklı Otomatik Baharat ve Tuz Öğütücü,Fiyat Sepette,https://www.a101.com.tr/ev-yasam/sinbo-isikli-otomatik-baharat-ve-tuz-ogutucu_p-26030747,
a101.csv,Pierre Cardin Çelik Kettle,Fiyat Sepette,https://www.a101.com.tr/elektronik/pierre-cardin-celik-kettle_p-26058793,
a101.csv,Pierre Cardin Tek Kişilik Yün Yorgan 155x215 cm,Fiyat Sepette,https://www.a101.com.tr/ev-yasam/pierre-cardin-tek-kisilik-yun-yorgan-155x215-cm_p-26060249,
a101.csv,Keramika Seramik Fincan Seti 2'li 184 cc Mavi Bej,Fiyat Sepette,https://www.a101.com.tr/ev-yasam/keramika-seramik-fincan-seti-2-li-184-cc-mavi-bej_p-26062652,
a101.csv,"Wmf Perfect Plus Düdüklü Tencere 6,5 L + 3 L",Fiyat Sepette,https://www.a101.com.tr/ev-yasam/wmf-perfect-plus-duduklu-tencere-6-5-l-3-l_p-26042971,
a101.csv,Apple MD3J4TU/A 20W USB-C Güç Adaptörü,Fiyat Sepette,https://www.a101.com.tr/elektronik/apple-md3j4tu-a-20w-usb-c-guc-adaptoru_p-25006462,
a101.csv,Bingo Mutlu Yuvam Beyaz ve Renkliler Toz Çamaşır Deterjanı 10 Kg,Fiyat Sepette,https://www.a101.com.tr/market/bingo-mutlu-yuvam-beyaz-ve-renkliler-toz-camasir-deterjani-10-kg_p-22001910,
a101.csv,Korkmaz A341-04 Çaykolik Semaver,Fiyat Sepette,https://www.a101.com.tr/elektronik/korkmaz-a341-04-caykolik-semaver_p-26030599,
a101.csv,Xiaomi Redmi 13 256 GB 8 GB RAM Cep Telefonu Siyah,Fiyat Sepette,https://www.a101.com.tr/elektronik/xiaomi-redmi-13-256-gb-8-gb-ram-cep-telefonu-siyah_p-26052246,
a101.csv,Pierre Cardin PC-B30001 Akıllı Vücut Analiz Baskülü,Fiyat Sepette,https://www.a101.com.tr/elektronik/pierre-cardin-pc-b30001-akilli-vucut-analiz-baskulu_p-26046390,
a101.csv,Realme 12 Lite RMX3890 128 GB 6 GB RAM Cep Telefonu Yeşil,Fiyat Sepette,https://www.a101.com.tr/elektronik/realme-12-lite-rmx3890-128-gb-6-gb-ram-cep-telefonu-yesil_p-26064329,
a101.csv,"Philips HD9350/90 Daily Collection 2200 W Çelik Kettle 1,7 L",Fiyat Sepette,https://www.a101.com.tr/elektronik/philips-hd9350-90-daily-collection-2200-w-celik-kettle-1-7-l_p-26025506,
a101.csv,Tantitoni 2 Bölmeli Yemek Taşıma Kabı 710 ml Pembe,Fiyat Sepette,https://www.a101.com.tr/ev-yasam/tantitoni-2-bolmeli-yemek-tasima-kabi-710-ml-pembe_p-26040909,
a101.csv,Sinbo SK-8029 Cam Kettle,Fiyat Sepette,https://www.a101.com.tr/elektronik/sinbo-sk-8029-cam-kettle_p-26045940,
a101.csv,Vivaldi Seramik Basık Tencere 26 cm Krem,Fiyat Sepette,https://www.a101.com.tr/ev-yasam/vivaldi-seramik-basik-tencere-26-cm-krem_p-26061834,
a101.csv,Piranha Avuç Taşlama,Fiyat Sepette,https://www.a101.com.tr/oto-bahce-yapi/piranha-avuc-taslama_p-26014133,
a101.csv,Tantitoni 2 Bölmeli Yemek Taşıma Kabı 710 ml Gri,Fiyat Sepette,https://www.a101.com.tr/ev-yasam/tantitoni-2-bolmeli-yemek-tasima-kabi-710-ml-gri_p-26040909,
a101.csv,Xiaomi Tws Earphones 2 Pro Bluetooth Kulaklık,Fiyat Sepette,https://www.a101.com.tr/elektronik/xiaomi-tws-earphones-2-pro-bluetooth-kulaklik_p-25004026,
a101.csv,"Stanley Adventure to-Go 10-10837-014 Yemek Termosu 0,35 L Mavi",Fiyat Sepette,https://www.a101.com.tr/ev-yasam/stanley-adventure-to-go-10-10837-014-yemek-termosu-0-35-l-mavi_p-26046374,
a101.csv,Arzum İmaj AR5011 Saç Kurutma Makinesi Siyah,Fiyat Sepette,https://www.a101.com.tr/elektronik/arzum-imaj-ar5011-sac-kurutma-makinesi-siyah_p-26006183,
a101.csv,Sleepy Extra Gross Paket Bebek Bezi No:5 Junior 100 Adet,Fiyat Sepette,https://www.a101.com.tr/anne-bebek-oyuncak/sleepy-extra-gross-paket-bebek-bezi-no-5-junior-100-adet_p-23001431,
a101.csv,Tien SC35 Motosiklet Çantası Siyah,Fiyat Sepette,https://www.a101.com.tr/oto-bahce-yapi/tien-sc35-motosiklet-cantasi-siyah_p-26064327,
a101.csv,Tefal Easygliss Plus FV5770 2700 W Buharlı Ütü,Fiyat Sepette,https://www.a101.com.tr/elektronik/tefal-easygliss-plus-fv5770-2700-w-buharli-utu_p-26026780,
a101.csv,"Purina One Yetişkin Kediler İçin Tavuk Etli Kuru Kedi Maması 1,5 Kg",Fiyat Sepette,https://www.a101.com.tr/ev-yasam/purina-one-yetiskin-kediler-icin-tavuk-etli-kuru-kedi-mamasi-1-5-kg_p-25006484,
a101.csv,Lila Tek Kişilik Kenar Korumalı Yatak Alezi 100x200x30 cm,Fiyat Sepette,https://www.a101.com.tr/ev-yasam/lila-tek-kisilik-kenar-korumali-yatak-alezi-100x200x30-cm_p-26055832,
a101.csv,"WMF Perfect Plus 07-9483-6040 Tencere 6,5 L",Fiyat Sepette,https://www.a101.com.tr/ev-yasam/wmf-perfect-plus-07-9483-6040-tencere-6-5-l_p-26051259,
a101.csv,English Home Çift Kişilik Yorgan 195x215 cm,Fiyat Sepette,https://www.a101.com.tr/ev-yasam/english-home-cift-kisilik-yorgan-195x215-cm_p-26043916,
a101.csv,Ocak Üstü Tost Makinesi,Fiyat Sepette,https://www.a101.com.tr/ev-yasam/ocak-ustu-tost-makinesi_p-26032419,
a101.csv,Philips HR1863/20 Viva Collection 700 W Katı Meyve Sıkacağı,Fiyat Sepette,https://www.a101.com.tr/elektronik/philips-hr1863-20-viva-collection-700-w-kati-meyve-sikacagi_p-26066341,
a101.csv,Nehir Metal Servis Gereçleri 5'li,Fiyat Sepette,https://www.a101.com.tr/ev-yasam/nehir-metal-servis-gerecleri-5-li_p-26061557,
a101.csv,"Stanley Adventure To-Go 10-10837-039 Yemek Termosu 0,35 L Kırık Beyaz",Fiyat Sepette,https://www.a101.com.tr/ev-yasam/stanley-adventure-to-go-10-10837-039-yemek-termosu-0-35-l-kirik-beyaz_p-26046374,
a101.csv,Piranha 110 Parça Hobi Seti,Fiyat Sepette,https://www.a101.com.tr/oto-bahce-yapi/piranha-110-parca-hobi-seti_p-26014138,
a101.csv,Sandisk 64 GB USB 3.2 Bellek,Fiyat Sepette,https://www.a101.com.tr/elektronik/sandisk-64-gb-usb-3-2-bellek_p-25002186,
a101.csv,Regal RKB 1000 S 300 W Kişisel Blender,Fiyat Sepette,https://www.a101.com.tr/elektronik/regal-rkb-1000-s-300-w-kisisel-blender_p-26061343,
a101.csv,Fisher Price Oyuncak Bingit İlk Arabam,Fiyat Sepette,https://www.a101.com.tr/anne-bebek-oyuncak/fisher-price-oyuncak-bingit-ilk-arabam_p-26025032,
a101.csv,Kozmetik Organizeri,Fiyat Sepette,https://www.a101.com.tr/ev-yasam/kozmetik-organizeri_p-26049422,
a101.csv,Ugg Classic Mini Dipper 1168170-CHE Kadın Bot Kahverengi,Fiyat Sepette,https://www.a101.com.tr/giyim-aksesuar/ugg-classic-mini-dipper-1168170-che-kadin-bot-kahverengi_p-26065890,
a101.csv,2 Katlı Patates ve Soğan Sepeti 22x64 cm,Fiyat Sepette,https://www.a101.com.tr/ev-yasam/2-katli-patates-ve-sogan-sepeti-22x64-cm_p-26064915,
a101.csv,"Stanley Quencher H2.O FlowState Tumbler 10-10827-948 Pipetli Termos 0,89 L Antrasit",Fiyat Sepette,https://www.a101.com.tr/ev-yasam/stanley-quencher-h2-o-flowstate-tumbler-10-10827-948-pipetli-termos-0-89-l-antrasit_p-26062004,
a101.csv,Pierre Cardin PC-E11001 Epilasyon Seti,Fiyat Sepette,https://www.a101.com.tr/elektronik/pierre-cardin-pc-e11001-epilasyon-seti_p-26044578,
a101.csv,Remaks Arzu Çalışma Masası Meşe,Fiyat Sepette,https://www.a101.com.tr/ev-yasam/remaks-arzu-calisma-masasi-mese_p-26057330,
a101.csv,Pierre Cardin PCG30001 Kulak Burun Tüy Alma Makinesi,Fiyat Sepette,https://www.a101.com.tr/kozmetik-kisisel-bakim/pierre-cardin-pcg30001-kulak-burun-tuy-alma-makinesi_p-26046406,
a101.csv,Go Smart Bluetooth Hoparlör,Fiyat Sepette,https://www.a101.com.tr/elektronik/go-smart-bluetooth-hoparlor_p-25004447,
a101.csv,"Çiçeğim Çamaşır Suyu Ultra 3,7 L",Fiyat Sepette,https://www.a101.com.tr/market/cicegim-camasir-suyu-ultra-3-7-l_p-22001091,
a101.csv,Viko 90133402 Multi-Let Topraklı Kablolu 4'lü Priz 2 m Siyah,Fiyat Sepette,https://www.a101.com.tr/oto-bahce-yapi/viko-90133402-multi-let-toprakli-kablolu-4-lu-priz-2-m-siyah_p-26063574,
a101.csv,Go Smart GS-4CC-02 4'ü 1 Arada Şarj Kablosu,Fiyat Sepette,https://www.a101.com.tr/elektronik/go-smart-gs-4cc-02-4-u-1-arada-sarj-kablosu_p-25006146,
a101.csv,Samsung Galaxy S24 FE 256 GB 8 GB RAM Cep Telefonu Siyah,Fiyat Sepette,https://www.a101.com.tr/elektronik/samsung-galaxy-s24-fe-256-gb-8-gb-ram-cep-telefonu-siyah_p-26053705,
a101.csv,Enjoy Tavuklu Köpek Maması 10 KG,Fiyat Sepette,https://www.a101.com.tr/ev-yasam/enjoy-tavuklu-kopek-mamasi-10-kg_p-25006168,
a101.csv,Triathlon T-212 LED Işıklı Katlanabilir Çocuk Scooter Mavi,Fiyat Sepette,https://www.a101.com.tr/anne-bebek-oyuncak/triathlon-t-212-led-isikli-katlanabilir-cocuk-scooter-mavi_p-26059030,
a101.csv,Katlanabilir Kamp Sehpası Siyah,Fiyat Sepette,https://www.a101.com.tr/ev-yasam/katlanabilir-kamp-sehpasi-siyah_p-26047990,
a101.csv,Emaye Derin Tencere 22 cm Yeşil Beyaz,Fiyat Sepette,https://www.a101.com.tr/ev-yasam/emaye-derin-tencere-22-cm-yesil-beyaz_p-26059478,
a101.csv,Banetti Premium Anında Noodle Garam Masala Çeşnili 75 G,Fiyat Sepette,https://www.a101.com.tr/market/banetti-premium-aninda-noodle-garam-masala-cesnili-75-g_p-14002477,
a101.csv,"Stanley Adventure To-Go 10-10818-009 Termos 0,75 L Mavi",Fiyat Sepette,https://www.a101.com.tr/ev-yasam/stanley-adventure-to-go-10-10818-009-termos-0-75-l-mavi_p-26046368,
a101.csv,Pierre Cardin PC-T10001 Şarjlı Diş Fırçası,Fiyat Sepette,https://www.a101.com.tr/kozmetik-kisisel-bakim/pierre-cardin-pc-t10001-sarjli-dis-fircasi_p-26052141,
a101.csv,Apple iPhone 14 128 GB Cep Telefonu Beyaz,Fiyat Sepette,https://www.a101.com.tr/elektronik/apple-iphone-14-128-gb-cep-telefonu-beyaz_p-26029309,
a101.csv,5 Parça Rende Seti,Fiyat Sepette,https://www.a101.com.tr/ev-yasam/5-parca-rende-seti_p-26062026,
a101.csv,Ugg Ultra Mini 1116109-SAN Kadın Bot Kum,Fiyat Sepette,https://www.a101.com.tr/giyim-aksesuar/ugg-ultra-mini-1116109-san-kadin-bot-kum_p-26031817,
a101.csv,"Stanley Classic Legendary Camp Mug 10-11444-066 Çelik Termos Bardak 0,23 L Kırmızı",Fiyat Sepette,https://www.a101.com.tr/ev-yasam/stanley-classic-legendary-camp-mug-10-11444-066-celik-termos-bardak-0-23-l-kirmizi_p-26059322,
a101.csv,Homend Mixfresh 7010H Kişisel Smoothie Blender,Fiyat Sepette,https://www.a101.com.tr/elektronik/homend-mixfresh-7010h-kisisel-smoothie-blender_p-26041578,
a101.csv,Apple USB-C to Lightning 1 m Şarj Kablosu,Fiyat Sepette,https://www.a101.com.tr/elektronik/apple-usb-c-to-lightning-1-m-sarj-kablosu_p-25006461,
a101.csv,Remaks Pratik 3 Raflı Elbise Dolabı Beyaz,Fiyat Sepette,https://www.a101.com.tr/ev-yasam/remaks-pratik-3-rafli-elbise-dolabi-beyaz_p-26057288,
a101.csv,Xiaomi Body Composition Scale S400 Baskül,Fiyat Sepette,https://www.a101.com.tr/elektronik/xiaomi-body-composition-scale-s400-baskul_p-26066513,
a101.csv,New Balance MR530SG Unisex Sneaker Beyaz,Fiyat Sepette,https://www.a101.com.tr/giyim-aksesuar/new-balance-mr530sg-unisex-sneaker-beyaz_p-26032954,
a101.csv,Xiaomi Mi Hareket Sensörlü Gece Lambası 2,Fiyat Sepette,https://www.a101.com.tr/oto-bahce-yapi/xiaomi-mi-hareket-sensorlu-gece-lambasi-2_p-26048511,
a101.csv,Sleepy Extra Gross Paket Bebek Bezi No:4 Maxi 100 Adet,Fiyat Sepette,https://www.a101.com.tr/anne-bebek-oyuncak/sleepy-extra-gross-paket-bebek-bezi-no-4-maxi-100-adet_p-23001430,
a101.csv,Bosch Pro Impact 8 Parça Vidalama Ucu Seti,Fiyat Sepette,https://www.a101.com.tr/oto-bahce-yapi/bosch-pro-impact-8-parca-vidalama-ucu-seti-_p-26066603,
a101.csv,"Stanley IceFlow Fast Flow 10-11287-331 Soğuk Su Termosu 0,70 L Lila",Fiyat Sepette,https://www.a101.com.tr/ev-yasam/stanley-iceflow-fast-flow-10-11287-331-soguk-su-termosu-0-70-l-lila_p-26062000,
a101.csv,Cambu Kulplu Cam Yağlık Seti 3 Parça,Fiyat Sepette,https://www.a101.com.tr/ev-yasam/cambu-kulplu-cam-yaglik-seti-3-parca_p-26047256,
a101.csv,Samsung Jet 85 VS20C8524TB Şarjlı Dikey Süpürge,Fiyat Sepette,https://www.a101.com.tr/elektronik/samsung-jet-85-vs20c8524tb-sarjli-dikey-supurge_p-26066198,
a101.csv,Siemens EQ700 Integral TQ713R03 Tam Otomatik Espresso Makinesi,Fiyat Sepette,https://www.a101.com.tr/elektronik/siemens-eq700-integral-tq713r03-tam-otomatik-espresso-makinesi_p-26058569,
a101.csv,Orcamp Kamp Tencere Seti 3'lü,Fiyat Sepette,https://www.a101.com.tr/ev-yasam/orcamp-kamp-tencere-seti-3-lu_p-26053723,
a101.csv,"Stanley Classic Legendary 10-07934-004 Klasik Model Termos 1,9 L Siyah",Fiyat Sepette,https://www.a101.com.tr/ev-yasam/stanley-classic-legendary-10-07934-004-klasik-model-termos-1-9-l-siyah_p-26017659,
a101.csv,"Stanley Quencher H2.O FlowState Tumbler 10-10824-603 Pipetli Termos 1,18 L Gri",Fiyat Sepette,https://www.a101.com.tr/ev-yasam/stanley-quencher-h2-o-flowstate-tumbler-10-10824-603-pipetli-termos-1-18-l-gri_p-26053026,
a101.csv,Vestel Sefa 4500 C 2175 W Semaver,Fiyat Sepette,https://www.a101.com.tr/elektronik/vestel-sefa-4500-c-2175-w-semaver_p-26061348,
a101.csv,Yapay Lale Buketi Beyaz,Fiyat Sepette,https://www.a101.com.tr/oto-bahce-yapi/yapay-lale-buketi-beyaz_p-26054576,
a101.csv,Kiwi KFM-8636 Ayak Masaj Aleti,Fiyat Sepette,https://www.a101.com.tr/elektronik/kiwi-kfm-8636-ayak-masaj-aleti_p-26049028,
a101.csv,"Stanley Classic Legendary Camp Mug 10-11444-036 Çelik Termos Bardak 0,23 L Yeşil",Fiyat Sepette,https://www.a101.com.tr/ev-yasam/stanley-classic-legendary-camp-mug-10-11444-036-celik-termos-bardak-0-23-l-yesil_p-26059322,
a101.csv,Philips 3000 Serisi CX3120/01 2000 W Seramik Fanlı Isıtıcı,Fiyat Sepette,https://www.a101.com.tr/elektronik/philips-3000-serisi-cx3120-01-2000-w-seramik-fanli-isitici_p-26064883,
a101.csv,"Stanley Cafe To-Go Mug 10-12080-041 Termos Bardak 0,35 L Yeşil",Fiyat Sepette,https://www.a101.com.tr/ev-yasam/stanley-cafe-to-go-mug-10-12080-041-termos-bardak-0-35-l-yesil_p-26064888,
a101.csv,Sleepy Natural Islak Havlu 3x60,Fiyat Sepette,https://www.a101.com.tr/anne-bebek-oyuncak/sleepy-natural-islak-havlu-3x60_p-23001119,
a101.csv,"Stanley Classic Legendary Camp Mug 10-09366-290 Çelik Termos Bardak 0,35 L Turuncu",Fiyat Sepette,https://www.a101.com.tr/ev-yasam/stanley-classic-legendary-camp-mug-10-09366-290-celik-termos-bardak-0-35-l-turuncu_p-26059321,
a101.csv,Tefal Black Stone Yapışmaz Tava 24 Cm,Fiyat Sepette,https://www.a101.com.tr/ev-yasam/tefal-black-stone-yapismaz-tava-24-cm_p-26042570,
a101.csv,Asperox Sarı Güç Ultra Yağ Çözücü 1 L,Fiyat Sepette,https://www.a101.com.tr/market/asperox-sari-guc-ultra-yag-cozucu-1-l_p-22000366,
a101.csv,"Stanley 10-09382-081 Klasik Kaşıklı Yemek Termosu 0,40 L Mavi",Fiyat Sepette,https://www.a101.com.tr/ev-yasam/stanley-10-09382-081-klasik-kasikli-yemek-termosu-0-40-l-mavi_p-26019524,
a101.csv,Nave BQ-02 T Bıçaklı Profesyonel Saç Sakal Kesme Makinesi Kırmızı,Fiyat Sepette,https://www.a101.com.tr/kozmetik-kisisel-bakim/nave-bq-02-t-bicakli-profesyonel-sac-sakal-kesme-makinesi-kirmizi_p-26065906,
a101.csv,"Stanley Quencher H2.O FlowState Tumbler 10-10827-949 Pipetli Termos 0,89 L Yeşil",Fiyat Sepette,https://www.a101.com.tr/ev-yasam/stanley-quencher-h2-o-flowstate-tumbler-10-10827-949-pipetli-termos-0-89-l-yesil_p-26062004,
a101.csv,Katlanabilir Kamp Sandalyesi 74x51x80 cm Kırmızı,Fiyat Sepette,https://www.a101.com.tr/ev-yasam/katlanabilir-kamp-sandalyesi-74x51x80-cm-kirmizi_p-26014370,
a101.csv,Tefal Black Stone Yapışmaz Tava 28 Cm,Fiyat Sepette,https://www.a101.com.tr/ev-yasam/tefal-black-stone-yapismaz-tava-28-cm_p-26042571,
a101.csv,Ugg Ultra Mini Platform 1135092-SAN Kadın Bot Kum,Fiyat Sepette,https://www.a101.com.tr/giyim-aksesuar/ugg-ultra-mini-platform-1135092-san-kadin-bot-kum_p-26044411,
a101.csv,Lav Helen Su Bardağı 6'lı 240 cc,Fiyat Sepette,https://www.a101.com.tr/ev-yasam/lav-helen-su-bardagi-6-li-240-cc_p-26063241,
a101.csv,Vakumlu Poşet Seti 3'lü,Fiyat Sepette,https://www.a101.com.tr/ev-yasam/vakumlu-poset-seti-3-lu_p-26003457,
a101.csv,Apple MW493ZM USB-C 60 W 1 m Şarj Kablosu,Fiyat Sepette,https://www.a101.com.tr/elektronik/apple-mw493zm-usb-c-60-w-1-m-sarj-kablosu_p-25006304,
a101.csv,Realme 12 Lite 256 GB 8 GB RAM Cep Telefonu Siyah,Fiyat Sepette,https://www.a101.com.tr/elektronik/realme-12-lite-256-gb-8-gb-ram-cep-telefonu-siyah_p-26062281,
a101.csv,Paşabahçe Grace Kristalin Servis Tabağı 30 cm,Fiyat Sepette,https://www.a101.com.tr/ev-yasam/pasabahce-grace-kristalin-servis-tabagi-30-cm_p-26056788,
a101.csv,Garaj Home Sedef 90x190 Yaylı Yatak,Fiyat Sepette,https://www.a101.com.tr/ev-yasam/garaj-home-sedef-90x190-yayli-yatak_p-26051596,
a101.csv,Kiwi KTB-6506 Diş Fırçası Başlık Seti 6'lı,Fiyat Sepette,https://www.a101.com.tr/kozmetik-kisisel-bakim/kiwi-ktb-6506-dis-fircasi-baslik-seti-6-li_p-26062787,
a101.csv,Samsung Galaxy A16 128 GB 4 GB Ram Cep Telefonu Siyah,Fiyat Sepette,https://www.a101.com.tr/elektronik/samsung-galaxy-a16-128-gb-4-gb-ram-cep-telefonu-siyah_p-26061179,
a101.csv,Peka Ahşap Ayaklı Zigon Yuvarlak Sehpa 3'lü Çam,Fiyat Sepette,https://www.a101.com.tr/ev-yasam/peka-ahsap-ayakli-zigon-yuvarlak-sehpa-3-lu-cam_p-26062491,
a101.csv,Realme 12 256 GB 8 GB RAM Dual Cep Telefonu Mavi,Fiyat Sepette,https://www.a101.com.tr/elektronik/realme-12-256-gb-8-gb-ram-dual-cep-telefonu-mavi_p-26065702,
a101.csv,New Balance U9060ZGF Unisex Sneakers Beyaz,Fiyat Sepette,https://www.a101.com.tr/giyim-aksesuar/new-balance-u9060zgf-unisex-sneakers-beyaz_p-26060436,
a101.csv,Remaks 9 Sepetli Çok Amaçlı Dolap Renkli,Fiyat Sepette,https://www.a101.com.tr/ev-yasam/remaks-9-sepetli-cok-amacli-dolap-renkli_p-26057346,
a101.csv,Xiaomi C301 Akıllı Kamera,Fiyat Sepette,https://www.a101.com.tr/elektronik/xiaomi-c301-akilli-kamera_p-26061255,
a101.csv,Piranha Sıcak Hava Tabancası,Fiyat Sepette,https://www.a101.com.tr/oto-bahce-yapi/piranha-sicak-hava-tabancasi_p-26014137,
a101.csv,Paşabahçe Nova Su Bardağı 3'lü 315 cc,Fiyat Sepette,https://www.a101.com.tr/ev-yasam/pasabahce-nova-su-bardagi-3-lu-315-cc_p-26055194,
a101.csv,"Stanley The IceFlow Flip Straw 2.0 10-12111-079 Pipetli Termos Bardak 1,06 L Mavi",Fiyat Sepette,https://www.a101.com.tr/ev-yasam/stanley-the-iceflow-flip-straw-2-0-10-12111-079-pipetli-termos-bardak-1-06-l-mavi_p-26061963,
a101.csv,Oyuncak Temizlik Kovası Seti Kırmızı,Fiyat Sepette,https://www.a101.com.tr/anne-bebek-oyuncak/oyuncak-temizlik-kovasi-seti-kirmizi_p-26025003,
a101.csv,Piranha Şarjlı Led Işık,Fiyat Sepette,https://www.a101.com.tr/oto-bahce-yapi/piranha-sarjli-led-isik_p-26065854,
a101.csv,Büyük Boy Katlanabilir Kamp Koltuğu Mavi,Fiyat Sepette,https://www.a101.com.tr/ev-yasam/buyuk-boy-katlanabilir-kamp-koltugu-mavi_p-26020082,
a101.csv,Katlanabilir Kamp Sandalyesi 74x51x80 cm Siyah,Fiyat Sepette,https://www.a101.com.tr/ev-yasam/katlanabilir-kamp-sandalyesi-74x51x80-cm-siyah_p-26014370,
a101.csv,"Stanley Classic Legendary Camp Mug 10-09366-336 Klasik Paslanmaz Çelik Termos Bardak 0,35 L Gri",Fiyat Sepette,https://www.a101.com.tr/ev-yasam/stanley-classic-legendary-camp-mug-10-09366-336-klasik-paslanmaz-celik-termos-bardak-0-35-l-gri_p-26061990,
a101.csv,Cif Krem 2x750 ml + Domestos Ultra Çamaşır Suyu 750 ml,Fiyat Sepette,https://www.a101.com.tr/market/cif-krem-2x750-ml-domestos-ultra-camasir-suyu-750-ml_p-22002601,
a101.csv,Luminarc Opal Fırın Kabı 21x13 cm Beyaz,Fiyat Sepette,https://www.a101.com.tr/ev-yasam/luminarc-opal-firin-kabi-21x13-cm-beyaz_p-26050748,
a101.csv,Black+Decker BDCHD18KB-QW 18V 1.5Ah Li-ion Çift Akülü 2 Vitesli Darbeli Matkap,Fiyat Sepette,https://www.a101.com.tr/oto-bahce-yapi/black-decker-bdchd18kb-qw-18v-1-5ah-li-ion-cift-akulu-2-vitesli-darbeli-matkap_p-26062381,
a101.csv,Remaks Life Çok Amaçlı Banyo Dolabı Beyaz,Fiyat Sepette,https://www.a101.com.tr/ev-yasam/remaks-life-cok-amacli-banyo-dolabi-beyaz_p-26057293,
a101.csv,"Stanley The IceFlow Flip Straw 2.0 10-12111-080 Pipetli Termos Bardak 1,06 L Kırmızı",Fiyat Sepette,https://www.a101.com.tr/ev-yasam/stanley-the-iceflow-flip-straw-2-0-10-12111-080-pipetli-termos-bardak-1-06-l-kirmizi_p-26061963,
a101.csv,Banetti Premium Anında Noodle Sriracha Çeşnili 75 G,Fiyat Sepette,https://www.a101.com.tr/market/banetti-premium-aninda-noodle-sriracha-cesnili-75-g_p-14002478,
a101.csv,"Stanley 10-09382-005 Klasik Kaşıklı Yemek Termosu 0,40 L Siyah",Fiyat Sepette,https://www.a101.com.tr/ev-yasam/stanley-10-09382-005-klasik-kasikli-yemek-termosu-0-40-l-siyah_p-26019524,
a101.csv,"Stanley Classic Legendary Camp Mug 10-11444-040 Çelik Termos Bardak 0,23 L Lacivert",Fiyat Sepette,https://www.a101.com.tr/ev-yasam/stanley-classic-legendary-camp-mug-10-11444-040-celik-termos-bardak-0-23-l-lacivert_p-26059322,
a101.csv,Samsung Galaxy A16 256 GB 8 GB RAM Cep Telefonu Siyah,Fiyat Sepette,https://www.a101.com.tr/elektronik/samsung-galaxy-a16-256-gb-8-gb-ram-cep-telefonu-siyah_p-26058599,
a101.csv,Triathlon T-212 LED Işıklı Katlanabilir Çocuk Scooter Kırmızı,Fiyat Sepette,https://www.a101.com.tr/anne-bebek-oyuncak/triathlon-t-212-led-isikli-katlanabilir-cocuk-scooter-kirmizi_p-26059030,
a101.csv,Renkli Saklama Kabı 6'lı,Fiyat Sepette,https://www.a101.com.tr/ev-yasam/renkli-saklama-kabi-6-li_p-26040449,
a101.csv,Oral-B iO 6 Şarjlı Diş Fırçası Siyah,Fiyat Sepette,https://www.a101.com.tr/kozmetik-kisisel-bakim/oral-b-io-6-sarjli-dis-fircasi-siyah_p-26046865,
a101.csv,"Stanley Classic Legendary Camp Mug 10-09366-313 Çelik Termos Bardak 0,35 L Bej",Fiyat Sepette,https://www.a101.com.tr/ev-yasam/stanley-classic-legendary-camp-mug-10-09366-313-celik-termos-bardak-0-35-l-bej_p-26059321,
a101.csv,Stanley Adventure To-Go 10-10819-010 Vakumlu Paslanmaz Çelik Termos 1 L Siyah,Fiyat Sepette,https://www.a101.com.tr/ev-yasam/stanley-adventure-to-go-10-10819-010-vakumlu-paslanmaz-celik-termos-1-l-siyah_p-26046372,
a101.csv,Tefal Sense CM693110 Kahve Makinesi Beyaz,Fiyat Sepette,https://www.a101.com.tr/elektronik/tefal-sense-cm693110-kahve-makinesi-beyaz_p-26043671,
a101.csv,Wood'n Love Mia Metal Ayaklı TV Ünitesi 160 cm Atlantik Çam Siyah,Fiyat Sepette,https://www.a101.com.tr/ev-yasam/wood-n-love-mia-metal-ayakli-tv-unitesi-160-cm-atlantik-cam-siyah_p-26056047,
a101.csv,Xiaomi Mi 4A Router Wi-Fi Sinyal Aktarıcı Güçlendirici,Fiyat Sepette,https://www.a101.com.tr/elektronik/xiaomi-mi-4a-router-wi-fi-sinyal-aktarici-guclendirici_p-26054602,
a101.csv,Samsung Galaxy A07 128 GB 4 GB RAM Cep Telefonu Siyah,Fiyat Sepette,https://www.a101.com.tr/elektronik/samsung-galaxy-a07-128-gb-4-gb-ram-cep-telefonu-siyah_p-26065243,
a101.csv,Kamp Yatağı Yeşil,Fiyat Sepette,https://www.a101.com.tr/ev-yasam/kamp-yatagi-yesil_p-26040172,
a101.csv,Spiral Hortum Seti 10 m,Fiyat Sepette,https://www.a101.com.tr/oto-bahce-yapi/spiral-hortum-seti-10-m_p-26053741,
a101.csv,"Stanley 10-09366-289 Klasik Paslanmaz Çelik Termos Bardak 0,35 L Mor",Fiyat Sepette,https://www.a101.com.tr/ev-yasam/stanley-10-09366-289-klasik-paslanmaz-celik-termos-bardak-0-35-l-mor_p-26059321,
a101.csv,"Stanley Quencher H2.O FlowState Tumbler 10-10826-304 Pipetli Termos 0,6 L Krem",Fiyat Sepette,https://www.a101.com.tr/ev-yasam/stanley-quencher-h2-o-flowstate-tumbler-10-10826-304-pipetli-termos-0-6-l-krem_p-26061995,
a101.csv,Tursil Renkliler ve Beyazlar İçin Toz Çamaşır Deterjanı Leylak Bahçesi 10 Kg,Fiyat Sepette,https://www.a101.com.tr/market/tursil-renkliler-ve-beyazlar-icin-toz-camasir-deterjani-leylak-bahcesi-10-kg_p-22000838,
a101.csv,Ugg Classic Mini Platform 1134991-CHE Kadın Bot Tarçın,Fiyat Sepette,https://www.a101.com.tr/giyim-aksesuar/ugg-classic-mini-platform-1134991-che-kadin-bot-tarcin_p-26064896,
a101.csv,Dijitsu DB120 Retro Mini Buzdolabı Siyah,Fiyat Sepette,https://www.a101.com.tr/elektronik/dijitsu-db120-retro-mini-buzdolabi-siyah_p-26065330,
a101.csv,MGS Oyuncak Deluxe Ütü Kırmızı,Fiyat Sepette,https://www.a101.com.tr/anne-bebek-oyuncak/mgs-oyuncak-deluxe-utu-kirmizi_p-26066510,
a101.csv,Emaye Derin Tencere 18 cm Yeşil Beyaz,Fiyat Sepette,https://www.a101.com.tr/ev-yasam/emaye-derin-tencere-18-cm-yesil-beyaz_p-26059477,
a101.csv,Orcamp Rüzgarlık 6 Kanat,Fiyat Sepette,https://www.a101.com.tr/ev-yasam/orcamp-ruzgarlik-6-kanat_p-26050674,
a101.csv,Adidas Essentials H60019 Erkek Fermuarlı Üst Siyah,Fiyat Sepette,https://www.a101.com.tr/giyim-aksesuar/adidas-essentials-h60019-erkek-fermuarli-ust-siyah_p-26047318,
a101.csv,Saklama Kabı Seti 4'lü Bej,Fiyat Sepette,https://www.a101.com.tr/ev-yasam/saklama-kabi-seti-4-lu-bej_p-26066396,
a101.csv,Herevin French Press 1000 cc,Fiyat Sepette,https://www.a101.com.tr/ev-yasam/herevin-french-press-1000-cc_p-26015157,
a101.csv,Slim Organizer 23,Fiyat Sepette,https://www.a101.com.tr/oto-bahce-yapi/slim-organizer-23_p-26057938,
a101.csv,Oral-B iO 6 Şarjlı Diş Fırçası Gri,Fiyat Sepette,https://www.a101.com.tr/kozmetik-kisisel-bakim/oral-b-io-6-sarjli-dis-fircasi-gri_p-26046864,
a101.csv,Stanley The Stay-Hot Camp 10-09366-005 Klasik Paslanmaz Çelik Termos Bardak 350 ml Yeşil,Fiyat Sepette,https://www.a101.com.tr/ev-yasam/stanley-the-stay-hot-camp-10-09366-005-klasik-paslanmaz-celik-termos-bardak-350-ml-yesil_p-26019529,
a101.csv,Tefal K206S414 Ingenio Servis Seti 4'lü,Fiyat Sepette,https://www.a101.com.tr/ev-yasam/tefal-k206s414-ingenio-servis-seti-4-lu_p-26061851,
a101.csv,Paşabahçe Allegra Su Bardağı 3'lü 435 cc,Fiyat Sepette,https://www.a101.com.tr/ev-yasam/pasabahce-allegra-su-bardagi-3-lu-435-cc_p-26031865,
a101.csv,"Stanley Classic Legendary Camp Mug 10-11444-036 Çelik Termos Bardak 0,23 L Koyu Mavi",Fiyat Sepette,https://www.a101.com.tr/ev-yasam/stanley-classic-legendary-camp-mug-10-11444-036-celik-termos-bardak-0-23-l-koyu-mavi_p-26059322,
a101.csv,Crocs Classic Platform Clog 206750-6UR Kadın Terlik Bej,Fiyat Sepette,https://www.a101.com.tr/giyim-aksesuar/crocs-classic-platform-clog-206750-6ur-kadin-terlik-bej-_p-26051851,
a101.csv,Alo Toz Deterjan 4 Kg,Fiyat Sepette,https://www.a101.com.tr/market/alo-toz-deterjan-4-kg_p-22001813,
a101.csv,Peka Ahşap Ayaklı Dekoratif Orta Sehpa Çam,Fiyat Sepette,https://www.a101.com.tr/ev-yasam/peka-ahsap-ayakli-dekoratif-orta-sehpa-cam_p-26062495,
a101.csv,"Stanley The IceFlow Flip Straw 2.0 10-12111-081 Pipetli Termos Bardak 1,06 L Yeşil",Fiyat Sepette,https://www.a101.com.tr/ev-yasam/stanley-the-iceflow-flip-straw-2-0-10-12111-081-pipetli-termos-bardak-1-06-l-yesil_p-26061963,
a101.csv,Viko Yonca Plus Topraklı 3'lü Grup Priz Beyaz,Fiyat Sepette,https://www.a101.com.tr/oto-bahce-yapi/viko-yonca-plus-toprakli-3-lu-grup-priz-beyaz_p-26066111,
a101.csv,Stanley The Stay-Hot Camp 10-09366-271 Klasik Paslanmaz Çelik Termos Bardak 350 ml Pembe,Fiyat Sepette,https://www.a101.com.tr/ev-yasam/stanley-the-stay-hot-camp-10-09366-271-klasik-paslanmaz-celik-termos-bardak-350-ml-pembe_p-26019529,
a101.csv,"Stanley The IceFlow Flip Straw 2.0 10-12111-064 Pipetli Termos 1,06 L Beyaz",Fiyat Sepette,https://www.a101.com.tr/ev-yasam/stanley-the-iceflow-flip-straw-2-0-10-12111-064-pipetli-termos-1-06-l-beyaz_p-26061963,
a101.csv,Kiwi Yammies Ton Balıklı ve Deniz Taraklı Sıvı Kedi Ödül Maması 5'li,Fiyat Sepette,https://www.a101.com.tr/ev-yasam/kiwi-yammies-ton-balikli-ve-deniz-tarakli-sivi-kedi-odul-mamasi-5-li_p-25004771,
carrefoursa.csv,Yerli Muz kg,"79,90 TL",https://www.carrefoursa.com/yerli-muz-kg-p-30086005?has-promotion,-
carrefoursa.csv,Carrefour Discount Su 5 Lt,"26,50 TL",https://www.carrefoursa.com/carrefour-discount-su-5-lt-p-30142177?has-promotion,-
carrefoursa.csv,"Carrefour Discount Su 1,5 Lt","9,00 TL",https://www.carrefoursa.com/carrefour-discount-su-1-5-lt-p-30142176?has-promotion,-
carrefoursa.csv,"Carrefour Discount Su 0,5 Lt","4,50 TL",https://www.carrefoursa.com/carrefour-discount-su-0-5-lt-p-30142293?has-promotion,-
carrefoursa.csv,Avokado Yerli Adet,"39,90 TL",https://www.carrefoursa.com/avokado-yerli-adet-p-30009244?has-promotion,-
carrefoursa.csv,Havuç kg,"49,95 TL",https://www.carrefoursa.com/havuc-kg-p-30088527?has-promotion,-
carrefoursa.csv,Domates Pazar kg,"34,90 TL",https://www.carrefoursa.com/domates-pazar-kg-p-30013008?has-promotion,-
carrefoursa.csv,Carrefour Yağlı Süt 1 L,"32,90 TL",https://www.carrefoursa.com/carrefour-yagli-sut-1-l-p-30261237?has-promotion,-
carrefoursa.csv,Washington Portakal kg,"39,90 TL",https://www.carrefoursa.com/washington-portakal-kg-p-30025606?has-promotion,-
carrefoursa.csv,Limon Mayer kg,"49,90 TL",https://www.carrefoursa.com/limon-mayer-kg-p-30006959?has-promotion,-
carrefoursa.csv,Kıvırcık Demet Adet,"34,95 TL",https://www.carrefoursa.com/kivircik-demet-adet-p-30013405?has-promotion,-
carrefoursa.csv,Dana Kıyma (%14-%20 Yağ) Kg,"659,90 TL",https://www.carrefoursa.com/dana-kiyma-14-20-yag-kg-p-30054577?has-promotion,-
carrefoursa.csv,Maydanoz Adet,"19,90 TL",https://www.carrefoursa.com/maydanoz-adet-p-30015608?has-promotion,-
carrefoursa.csv,Karnabahar kg,"49,95 TL",https://www.carrefoursa.com/karnabahar-kg-p-30017748?has-promotion,-
carrefoursa.csv,Carrefour Yarım Yağlı Süt 1 L,"27,70 TL",https://www.carrefoursa.com/carrefour-yarim-yagli-sut-1-l-p-30260146?has-promotion,-
carrefoursa.csv,Carrefour Discount Su 1 Litre,"8,75 TL",https://www.carrefoursa.com/carrefour-discount-su-1-litre-p-30267238?has-promotion,-
carrefoursa.csv,Mandalina Satsuma Kg,"24,90 TL",https://www.carrefoursa.com/mandalina-satsuma-kg-p-30029788?has-promotion,-
carrefoursa.csv,Çengelköy Salatalık kg,"54,90 TL",https://www.carrefoursa.com/cengelkoy-salatalik-kg-p-30008006?has-promotion,-
carrefoursa.csv,Beyaz Lahana kg,"29,95 TL",https://www.carrefoursa.com/beyaz-lahana-kg-p-30085229?has-promotion,-
carrefoursa.csv,Normal Ekmek 200 g,"14,50 TL",https://www.carrefoursa.com/normal-ekmek-200-g-p-20000460?has-promotion,-
carrefoursa.csv,Mandalina Satsuma İzmir kg,"39,90 TL",https://www.carrefoursa.com/mandalina-satsuma-izmir-kg-p-30087934?has-promotion,-
carrefoursa.csv,Roka Adet,"26,95 TL",https://www.carrefoursa.com/roka-adet-p-30016318?has-promotion,-
carrefoursa.csv,Salkım Domates kg,"69,90 TL",https://www.carrefoursa.com/salkim-domates-kg-p-30097558?has-promotion,-
carrefoursa.csv,Banvit Bonfile Göğüs Kg,"179,90 TL",https://www.carrefoursa.com/banvit-bonfile-gogus-kg-p-30098645?has-promotion,-
carrefoursa.csv,Blueberry-Yaban Mersini İthal 125 g,"79,00 TL",https://www.carrefoursa.com/blueberry-yaban-mersini-ithal-125-g-p-30082358?has-promotion,-
carrefoursa.csv,Kurukahveci Mehmet Efendi Türk Kahvesi 100 Gr,"83,45 TL",https://www.carrefoursa.com/kurukahveci-mehmet-efendi-turk-kahvesi-100-gr-p-30000332?has-promotion,-
carrefoursa.csv,Patlıcan Kemer Pazar,"39,90 TL",https://www.carrefoursa.com/patlican-kemer-pazar-p-30102894?has-promotion,-
carrefoursa.csv,Kestane Yerli kg,"199,00 TL",https://www.carrefoursa.com/kestane-yerli-kg-p-30092102?has-promotion,-
carrefoursa.csv,Sek Süt 1 Litre,"44,95 TL",https://www.carrefoursa.com/sek-sut-1-litre-p-30099473?has-promotion,-
carrefoursa.csv,Baby Turco Zeytinyağlı 90'Lı Islak Havlu,"25,95 TL",https://www.carrefoursa.com/baby-turco-zeytinyagli-90-li-islak-havlu-p-30391923?has-promotion,-
carrefoursa.csv,Göbek Salata Adet,"14,95 TL",https://www.carrefoursa.com/gobek-salata-adet-p-30097557,-
carrefoursa.csv,Mor Soğan kg,"39,90 TL",https://www.carrefoursa.com/mor-sogan-kg-p-30092270,-
carrefoursa.csv,Salatalık kg,"29,90 TL",https://www.carrefoursa.com/salatalik-kg-p-30007782,-
carrefoursa.csv,Pınar Süt 1 Litre,"49,95 TL",https://www.carrefoursa.com/pinar-sut-1-litre-p-30008788,-
carrefoursa.csv,Dereotu Adet,"19,95 TL",https://www.carrefoursa.com/dereotu-adet-p-30088521,-
carrefoursa.csv,Dana Kuşbaşı Kg,"719,90 TL",https://www.carrefoursa.com/dana-kusbasi-kg-p-30069289,-
carrefoursa.csv,Carrefour Süt 200 Ml,"10,50 TL",https://www.carrefoursa.com/carrefour-sut-200-ml-p-30283981,-
carrefoursa.csv,Filiz Spagetti (Çubuk) Makarna 500 g,"23,95 TL",https://www.carrefoursa.com/filiz-spagetti-cubuk-makarna-500-g-p-30097178,-
carrefoursa.csv,Banvit Poşetli Bütün Piliç Kg,"89,99 TL",https://www.carrefoursa.com/banvit-posetli-butun-pilic-kg-p-30089743,-
carrefoursa.csv,Kırmızı Lahana kg,"39,95 TL",https://www.carrefoursa.com/kirmizi-lahana-kg-p-30084969,-
carrefoursa.csv,Sakız Kabak kg,"63,90 TL",https://www.carrefoursa.com/sakiz-kabak-kg-p-30022296,-
carrefoursa.csv,Çipura 400-600 g,"349,00 TL",https://www.carrefoursa.com/cipura-400-600-g-p-30171457,-
carrefoursa.csv,Carrefour Yumurta 15'li L Boy,"99,00 TL",https://www.carrefoursa.com/carrefour-yumurta-15-li-l-boy-p-30239968,-
carrefoursa.csv,İçim Laktozsuz Süt 1000 Ml,"59,95 TL",https://www.carrefoursa.com/icim-laktozsuz-sut-1000-ml-p-30063979,-
carrefoursa.csv,Ülker Çubuk Kraker Sade 40 Gr,"5,00 TL",https://www.carrefoursa.com/ulker-cubuk-kraker-sade-40-gr-p-30095805,-
carrefoursa.csv,Kızılay Doğal Maden Suyu Erzincan/Afyon 6x200 ml,"44,90 TL",https://www.carrefoursa.com/kizilay-dogal-maden-suyu-erzincan-afyon-6x200-ml-p-30262194,-
carrefoursa.csv,Filiz Kalem Makarna 500 g,"23,95 TL",https://www.carrefoursa.com/filiz-kalem-makarna-500-g-p-30095265,-
carrefoursa.csv,Carrefour Bio Organik Yumurta 10'lu,"129,90 TL",https://www.carrefoursa.com/carrefour-bio-organik-yumurta-10-lu-p-30259863,-
carrefoursa.csv,Taze Soğan Demet,"29,95 TL",https://www.carrefoursa.com/taze-sogan-demet-p-30014370,-
carrefoursa.csv,Filiz Burgu Makarna 500 g,"23,95 TL",https://www.carrefoursa.com/filiz-burgu-makarna-500-g-p-30097165,-
carrefoursa.csv,Namet 7/24 Hindi Füme 60 G,"27,50 TL",https://www.carrefoursa.com/namet-7-24-hindi-fume-60-g-p-30234895,-
carrefoursa.csv,Brokoli kg,"89,95 TL",https://www.carrefoursa.com/brokoli-kg-p-30088094,-
carrefoursa.csv,Banvit Piliç Baget Kg,"105,60 TL",https://www.carrefoursa.com/banvit-pilic-baget-kg-p-30098642,-
carrefoursa.csv,Banvit But Pirzola Kg,"136,60 TL",https://www.carrefoursa.com/banvit-but-pirzola-kg-p-30098641,-
carrefoursa.csv,Mango Adet,"59,95 TL",https://www.carrefoursa.com/mango-adet-p-30009345,-
carrefoursa.csv,Pancar kg,"59,95 TL",https://www.carrefoursa.com/pancar-kg-p-30007252,-
carrefoursa.csv,Pırasa kg,"79,95 TL",https://www.carrefoursa.com/pirasa-kg-p-30017458,-
carrefoursa.csv,Filiz Arpa Şehriye 500 g,"23,95 TL",https://www.carrefoursa.com/filiz-arpa-sehriye-500-g-p-30098009,-
carrefoursa.csv,Carrefour Ayçiçek Yağı Pet 5 Lt,"385,50 TL",https://www.carrefoursa.com/carrefour-aycicek-yagi-pet-5-lt-p-30078961,-
carrefoursa.csv,Carrefour Hindi Füme 50 G,"22,50 TL",https://www.carrefoursa.com/carrefour-hindi-fume-50-g-p-30280213,-
carrefoursa.csv,Filiz Boncuk Makarna 500 g,"23,95 TL",https://www.carrefoursa.com/filiz-boncuk-makarna-500-g-p-30095264,-
carrefoursa.csv,Kokteyl Domates kg,"79,90 TL",https://www.carrefoursa.com/kokteyl-domates-kg-p-30088002,-
carrefoursa.csv,Filiz Fiyonk Makarna 500 g,"23,95 TL",https://www.carrefoursa.com/filiz-fiyonk-makarna-500-g-p-30097182,-
carrefoursa.csv,Coca-Cola Zero Sugar 6X250 ml Kutu,"139,00 TL",https://www.carrefoursa.com/coca-cola-zero-sugar-6x250-ml-kutu-p-30217095,-
carrefoursa.csv,Dimes Şeftali Nektarı 200 ml Tetra Paket,"15,00 TL",https://www.carrefoursa.com/dimes-seftali-nektari-200-ml-tetra-paket-p-30089822,-
carrefoursa.csv,Mila Su 5 Lt,"37,95 TL",https://www.carrefoursa.com/mila-su-5-lt-p-30388515,-
carrefoursa.csv,Carrefour Yumurta 30'lu M Boy,"135,60 TL",https://www.carrefoursa.com/carrefour-yumurta-30-lu-m-boy-p-30239970,-
carrefoursa.csv,Çarliston Biber kg,"34,90 TL",https://www.carrefoursa.com/carliston-biber-kg-p-30012953,-
carrefoursa.csv,Yudum Ayçiçek Yağı 4 Lt,"379,90 TL",https://www.carrefoursa.com/yudum-aycicek-yagi-4-lt-p-30254360,-
carrefoursa.csv,Mantar 300 g,"59,90 TL",https://www.carrefoursa.com/mantar-300-g-p-30179267,-
carrefoursa.csv,Selpak Havlu Dev Rulo Tekli,"42,90 TL",https://www.carrefoursa.com/selpak-havlu-dev-rulo-tekli-p-30383165,-
carrefoursa.csv,Sarıkız Doğal Maden Suyu 6 X 250 ml,"59,00 TL",https://www.carrefoursa.com/sarikiz-dogal-maden-suyu-6-x-250-ml-p-30386026,-
carrefoursa.csv,Nar kg,"99,90 TL",https://www.carrefoursa.com/nar-kg-p-30054444,-
carrefoursa.csv,Carrefour Pastorize Süt 1 L,"38,90 TL",https://www.carrefoursa.com/carrefour-pastorize-sut-1-l-p-30373694,-
carrefoursa.csv,Coca-Cola 6X250 ml Kutu,"139,00 TL",https://www.carrefoursa.com/coca-cola-6x250-ml-kutu-p-30217094,-
carrefoursa.csv,Kereviz Yapraklı Kg,"69,95 TL",https://www.carrefoursa.com/kereviz-yaprakli-kg-p-30024433,-
carrefoursa.csv,Coca-Cola Zero Sugar 250 ml Kutu,"44,00 TL",https://www.carrefoursa.com/coca-cola-zero-sugar-250-ml-kutu-p-30022134,-
carrefoursa.csv,Starking Elma kg,"79,90 TL",https://www.carrefoursa.com/starking-elma-kg-p-30032860,-
carrefoursa.csv,Sivri Biber Kg,"34,90 TL",https://www.carrefoursa.com/sivri-biber-kg-p-30013546,-
carrefoursa.csv,Kapya Biber kg,"109,90 TL",https://www.carrefoursa.com/kapya-biber-kg-p-30096974,-
carrefoursa.csv,Dolma Biber Kg,"64,90 TL",https://www.carrefoursa.com/dolma-biber-kg-p-30013316,-
carrefoursa.csv,Carrefour Gönen Baldo Pirinç 1 Kg,"81,50 TL",https://www.carrefoursa.com/carrefour-gonen-baldo-pirinc-1-kg-p-30165819,-
carrefoursa.csv,Çipura 600-800 g,"379,00 TL",https://www.carrefoursa.com/cipura-600-800-g-p-30171460,-
carrefoursa.csv,Ispanak kg,"24,95 TL",https://www.carrefoursa.com/ispanak-kg-p-30019568,-
carrefoursa.csv,İçim Yarım Yağlı Süt 1 Litre,"49,90 TL",https://www.carrefoursa.com/icim-yarim-yagli-sut-1-litre-p-30041046,-
carrefoursa.csv,Dimes Karışık Meyveli 200 ml Tetra Paket,"15,00 TL",https://www.carrefoursa.com/dimes-karisik-meyveli-200-ml-tetra-paket-p-30098728,-
carrefoursa.csv,Edelmeister Alkolsüz Malt İçecek 500 ml,"69,90 TL",https://www.carrefoursa.com/edelmeister-alkolsuz-malt-icecek-500-ml-p-30222394,-
carrefoursa.csv,İçim Laktozsuz Süt 200 Ml,"20,95 TL",https://www.carrefoursa.com/icim-laktozsuz-sut-200-ml-p-30161623,-
carrefoursa.csv,Nutella Kakaolu Fındık Kreması 750 g,"272,50 TL",https://www.carrefoursa.com/nutella-kakaolu-findik-kremasi-750-g-p-30047778,-
carrefoursa.csv,Filiz İnce Uzun Makarna 500 g,"23,95 TL",https://www.carrefoursa.com/filiz-ince-uzun-makarna-500-g-p-30097205,-
carrefoursa.csv,Yerli Muz kg,"79,90 TL",https://www.carrefoursa.com/yerli-muz-kg-p-30086005?has-promotion,-
carrefoursa.csv,Carrefour Discount Su 5 Lt,"26,50 TL",https://www.carrefoursa.com/carrefour-discount-su-5-lt-p-30142177?has-promotion,-
carrefoursa.csv,"Carrefour Discount Su 1,5 Lt","9,00 TL",https://www.carrefoursa.com/carrefour-discount-su-1-5-lt-p-30142176?has-promotion,-
carrefoursa.csv,"Carrefour Discount Su 0,5 Lt","4,50 TL",https://www.carrefoursa.com/carrefour-discount-su-0-5-lt-p-30142293?has-promotion,-
carrefoursa.csv,Avokado Yerli Adet,"39,90 TL",https://www.carrefoursa.com/avokado-yerli-adet-p-30009244?has-promotion,-
carrefoursa.csv,Havuç kg,"49,95 TL",https://www.carrefoursa.com/havuc-kg-p-30088527?has-promotion,-
carrefoursa.csv,Domates Pazar kg,"34,90 TL",https://www.carrefoursa.com/domates-pazar-kg-p-30013008?has-promotion,-
carrefoursa.csv,Carrefour Yağlı Süt 1 L,"32,90 TL",https://www.carrefoursa.com/carrefour-yagli-sut-1-l-p-30261237?has-promotion,-
carrefoursa.csv,Washington Portakal kg,"39,90 TL",https://www.carrefoursa.com/washington-portakal-kg-p-30025606?has-promotion,-
carrefoursa.csv,Limon Mayer kg,"49,90 TL",https://www.carrefoursa.com/limon-mayer-kg-p-30006959?has-promotion,-
carrefoursa.csv,Kıvırcık Demet Adet,"34,95 TL",https://www.carrefoursa.com/kivircik-demet-adet-p-30013405?has-promotion,-
carrefoursa.csv,Dana Kıyma (%14-%20 Yağ) Kg,"659,90 TL",https://www.carrefoursa.com/dana-kiyma-14-20-yag-kg-p-30054577?has-promotion,-
carrefoursa.csv,Maydanoz Adet,"19,90 TL",https://www.carrefoursa.com/maydanoz-adet-p-30015608?has-promotion,-
carrefoursa.csv,Karnabahar kg,"49,95 TL",https://www.carrefoursa.com/karnabahar-kg-p-30017748?has-promotion,-
carrefoursa.csv,Carrefour Yarım Yağlı Süt 1 L,"27,70 TL",https://www.carrefoursa.com/carrefour-yarim-yagli-sut-1-l-p-30260146?has-promotion,-
carrefoursa.csv,Carrefour Discount Su 1 Litre,"8,75 TL",https://www.carrefoursa.com/carrefour-discount-su-1-litre-p-30267238?has-promotion,-
carrefoursa.csv,Mandalina Satsuma Kg,"24,90 TL",https://www.carrefoursa.com/mandalina-satsuma-kg-p-30029788?has-promotion,-
carrefoursa.csv,Çengelköy Salatalık kg,"54,90 TL",https://www.carrefoursa.com/cengelkoy-salatalik-kg-p-30008006?has-promotion,-
carrefoursa.csv,Beyaz Lahana kg,"29,95 TL",https://www.carrefoursa.com/beyaz-lahana-kg-p-30085229?has-promotion,-
carrefoursa.csv,Normal Ekmek 200 g,"14,50 TL",https://www.carrefoursa.com/normal-ekmek-200-g-p-20000460?has-promotion,-
carrefoursa.csv,Mandalina Satsuma İzmir kg,"39,90 TL",https://www.carrefoursa.com/mandalina-satsuma-izmir-kg-p-30087934?has-promotion,-
carrefoursa.csv,Roka Adet,"26,95 TL",https://www.carrefoursa.com/roka-adet-p-30016318?has-promotion,-
carrefoursa.csv,Salkım Domates kg,"69,90 TL",https://www.carrefoursa.com/salkim-domates-kg-p-30097558?has-promotion,-
carrefoursa.csv,Banvit Bonfile Göğüs Kg,"179,90 TL",https://www.carrefoursa.com/banvit-bonfile-gogus-kg-p-30098645?has-promotion,-
carrefoursa.csv,Blueberry-Yaban Mersini İthal 125 g,"79,00 TL",https://www.carrefoursa.com/blueberry-yaban-mersini-ithal-125-g-p-30082358?has-promotion,-
carrefoursa.csv,Kurukahveci Mehmet Efendi Türk Kahvesi 100 Gr,"83,45 TL",https://www.carrefoursa.com/kurukahveci-mehmet-efendi-turk-kahvesi-100-gr-p-30000332?has-promotion,-
carrefoursa.csv,Patlıcan Kemer Pazar,"39,90 TL",https://www.carrefoursa.com/patlican-kemer-pazar-p-30102894?has-promotion,-
carrefoursa.csv,Kestane Yerli kg,"199,00 TL",https://www.carrefoursa.com/kestane-yerli-kg-p-30092102?has-promotion,-
carrefoursa.csv,Sek Süt 1 Litre,"44,95 TL",https://www.carrefoursa.com/sek-sut-1-litre-p-30099473?has-promotion,-
carrefoursa.csv,Baby Turco Zeytinyağlı 90'Lı Islak Havlu,"25,95 TL",https://www.carrefoursa.com/baby-turco-zeytinyagli-90-li-islak-havlu-p-30391923?has-promotion,-
carrefoursa.csv,Göbek Salata Adet,"14,95 TL",https://www.carrefoursa.com/gobek-salata-adet-p-30097557,-
carrefoursa.csv,Mor Soğan kg,"39,90 TL",https://www.carrefoursa.com/mor-sogan-kg-p-30092270,-
carrefoursa.csv,Salatalık kg,"29,90 TL",https://www.carrefoursa.com/salatalik-kg-p-30007782,-
carrefoursa.csv,Pınar Süt 1 Litre,"49,95 TL",https://www.carrefoursa.com/pinar-sut-1-litre-p-30008788,-
carrefoursa.csv,Dereotu Adet,"19,95 TL",https://www.carrefoursa.com/dereotu-adet-p-30088521,-
carrefoursa.csv,Dana Kuşbaşı Kg,"719,90 TL",https://www.carrefoursa.com/dana-kusbasi-kg-p-30069289,-
carrefoursa.csv,Carrefour Süt 200 Ml,"10,50 TL",https://www.carrefoursa.com/carrefour-sut-200-ml-p-30283981,-
carrefoursa.csv,Filiz Spagetti (Çubuk) Makarna 500 g,"23,95 TL",https://www.carrefoursa.com/filiz-spagetti-cubuk-makarna-500-g-p-30097178,-
carrefoursa.csv,Banvit Poşetli Bütün Piliç Kg,"89,99 TL",https://www.carrefoursa.com/banvit-posetli-butun-pilic-kg-p-30089743,-
carrefoursa.csv,Kırmızı Lahana kg,"39,95 TL",https://www.carrefoursa.com/kirmizi-lahana-kg-p-30084969,-
carrefoursa.csv,Sakız Kabak kg,"63,90 TL",https://www.carrefoursa.com/sakiz-kabak-kg-p-30022296,-
carrefoursa.csv,Çipura 400-600 g,"349,00 TL",https://www.carrefoursa.com/cipura-400-600-g-p-30171457,-
carrefoursa.csv,Carrefour Yumurta 15'li L Boy,"99,00 TL",https://www.carrefoursa.com/carrefour-yumurta-15-li-l-boy-p-30239968,-
carrefoursa.csv,İçim Laktozsuz Süt 1000 Ml,"59,95 TL",https://www.carrefoursa.com/icim-laktozsuz-sut-1000-ml-p-30063979,-
carrefoursa.csv,Ülker Çubuk Kraker Sade 40 Gr,"5,00 TL",https://www.carrefoursa.com/ulker-cubuk-kraker-sade-40-gr-p-30095805,-
carrefoursa.csv,Kızılay Doğal Maden Suyu Erzincan/Afyon 6x200 ml,"44,90 TL",https://www.carrefoursa.com/kizilay-dogal-maden-suyu-erzincan-afyon-6x200-ml-p-30262194,-
carrefoursa.csv,Filiz Kalem Makarna 500 g,"23,95 TL",https://www.carrefoursa.com/filiz-kalem-makarna-500-g-p-30095265,-
carrefoursa.csv,Carrefour Bio Organik Yumurta 10'lu,"129,90 TL",https://www.carrefoursa.com/carrefour-bio-organik-yumurta-10-lu-p-30259863,-
carrefoursa.csv,Taze Soğan Demet,"29,95 TL",https://www.carrefoursa.com/taze-sogan-demet-p-30014370,-
carrefoursa.csv,Filiz Burgu Makarna 500 g,"23,95 TL",https://www.carrefoursa.com/filiz-burgu-makarna-500-g-p-30097165,-
carrefoursa.csv,Namet 7/24 Hindi Füme 60 G,"27,50 TL",https://www.carrefoursa.com/namet-7-24-hindi-fume-60-g-p-30234895,-
carrefoursa.csv,Brokoli kg,"89,95 TL",https://www.carrefoursa.com/brokoli-kg-p-30088094,-
carrefoursa.csv,Banvit Piliç Baget Kg,"105,60 TL",https://www.carrefoursa.com/banvit-pilic-baget-kg-p-30098642,-
carrefoursa.csv,Banvit But Pirzola Kg,"136,60 TL",https://www.carrefoursa.com/banvit-but-pirzola-kg-p-30098641,-
carrefoursa.csv,Mango Adet,"59,95 TL",https://www.carrefoursa.com/mango-adet-p-30009345,-
carrefoursa.csv,Pancar kg,"59,95 TL",https://www.carrefoursa.com/pancar-kg-p-30007252,-
carrefoursa.csv,Pırasa kg,"79,95 TL",https://www.carrefoursa.com/pirasa-kg-p-30017458,-
carrefoursa.csv,Filiz Arpa Şehriye 500 g,"23,95 TL",https://www.carrefoursa.com/filiz-arpa-sehriye-500-g-p-30098009,-
carrefoursa.csv,Carrefour Ayçiçek Yağı Pet 5 Lt,"385,50 TL",https://www.carrefoursa.com/carrefour-aycicek-yagi-pet-5-lt-p-30078961,-
carrefoursa.csv,Carrefour Hindi Füme 50 G,"22,50 TL",https://www.carrefoursa.com/carrefour-hindi-fume-50-g-p-30280213,-
carrefoursa.csv,Göbek Salata Adet,"14,95 TL",https://www.carrefoursa.com/gobek-salata-adet-p-30097557?has-promotion,-
carrefoursa.csv,Mor Soğan kg,"39,90 TL",https://www.carrefoursa.com/mor-sogan-kg-p-30092270?has-promotion,-
carrefoursa.csv,Salatalık kg,"29,90 TL",https://www.carrefoursa.com/salatalik-kg-p-30007782?has-promotion,-
carrefoursa.csv,Pınar Süt 1 Litre,"49,95 TL",https://www.carrefoursa.com/pinar-sut-1-litre-p-30008788?has-promotion,-
carrefoursa.csv,Dereotu Adet,"19,95 TL",https://www.carrefoursa.com/dereotu-adet-p-30088521?has-promotion,-
carrefoursa.csv,Dana Kuşbaşı Kg,"719,90 TL",https://www.carrefoursa.com/dana-kusbasi-kg-p-30069289?has-promotion,-
carrefoursa.csv,Carrefour Süt 200 Ml,"10,50 TL",https://www.carrefoursa.com/carrefour-sut-200-ml-p-30283981?has-promotion,-
carrefoursa.csv,Filiz Spagetti (Çubuk) Makarna 500 g,"23,95 TL",https://www.carrefoursa.com/filiz-spagetti-cubuk-makarna-500-g-p-30097178?has-promotion,-
carrefoursa.csv,Banvit Poşetli Bütün Piliç Kg,"89,99 TL",https://www.carrefoursa.com/banvit-posetli-butun-pilic-kg-p-30089743?has-promotion,-
carrefoursa.csv,Kırmızı Lahana kg,"39,95 TL",https://www.carrefoursa.com/kirmizi-lahana-kg-p-30084969?has-promotion,-
carrefoursa.csv,Sakız Kabak kg,"63,90 TL",https://www.carrefoursa.com/sakiz-kabak-kg-p-30022296?has-promotion,-
carrefoursa.csv,Çipura 400-600 g,"349,00 TL",https://www.carrefoursa.com/cipura-400-600-g-p-30171457?has-promotion,-
carrefoursa.csv,Carrefour Yumurta 15'li L Boy,"99,00 TL",https://www.carrefoursa.com/carrefour-yumurta-15-li-l-boy-p-30239968?has-promotion,-
carrefoursa.csv,İçim Laktozsuz Süt 1000 Ml,"59,95 TL",https://www.carrefoursa.com/icim-laktozsuz-sut-1000-ml-p-30063979?has-promotion,-
carrefoursa.csv,Ülker Çubuk Kraker Sade 40 Gr,"5,00 TL",https://www.carrefoursa.com/ulker-cubuk-kraker-sade-40-gr-p-30095805?has-promotion,-
carrefoursa.csv,Kızılay Doğal Maden Suyu Erzincan/Afyon 6x200 ml,"44,90 TL",https://www.carrefoursa.com/kizilay-dogal-maden-suyu-erzincan-afyon-6x200-ml-p-30262194?has-promotion,-
carrefoursa.csv,Filiz Kalem Makarna 500 g,"23,95 TL",https://www.carrefoursa.com/filiz-kalem-makarna-500-g-p-30095265?has-promotion,-
carrefoursa.csv,Carrefour Bio Organik Yumurta 10'lu,"129,90 TL",https://www.carrefoursa.com/carrefour-bio-organik-yumurta-10-lu-p-30259863?has-promotion,-
carrefoursa.csv,Taze Soğan Demet,"29,95 TL",https://www.carrefoursa.com/taze-sogan-demet-p-30014370?has-promotion,-
carrefoursa.csv,Filiz Burgu Makarna 500 g,"23,95 TL",https://www.carrefoursa.com/filiz-burgu-makarna-500-g-p-30097165?has-promotion,-
carrefoursa.csv,Namet 7/24 Hindi Füme 60 G,"27,50 TL",https://www.carrefoursa.com/namet-7-24-hindi-fume-60-g-p-30234895?has-promotion,-
carrefoursa.csv,Brokoli kg,"89,95 TL",https://www.carrefoursa.com/brokoli-kg-p-30088094?has-promotion,-
carrefoursa.csv,Banvit Piliç Baget Kg,"105,60 TL",https://www.carrefoursa.com/banvit-pilic-baget-kg-p-30098642?has-promotion,-
carrefoursa.csv,Banvit But Pirzola Kg,"136,60 TL",https://www.carrefoursa.com/banvit-but-pirzola-kg-p-30098641?has-promotion,-
carrefoursa.csv,Mango Adet,"59,95 TL",https://www.carrefoursa.com/mango-adet-p-30009345?has-promotion,-
carrefoursa.csv,Pancar kg,"59,95 TL",https://www.carrefoursa.com/pancar-kg-p-30007252?has-promotion,-
carrefoursa.csv,Pırasa kg,"79,95 TL",https://www.carrefoursa.com/pirasa-kg-p-30017458?has-promotion,-
carrefoursa.csv,Filiz Arpa Şehriye 500 g,"23,95 TL",https://www.carrefoursa.com/filiz-arpa-sehriye-500-g-p-30098009?has-promotion,-
carrefoursa.csv,Carrefour Ayçiçek Yağı Pet 5 Lt,"385,50 TL",https://www.carrefoursa.com/carrefour-aycicek-yagi-pet-5-lt-p-30078961?has-promotion,-
carrefoursa.csv,Carrefour Hindi Füme 50 G,"22,50 TL",https://www.carrefoursa.com/carrefour-hindi-fume-50-g-p-30280213?has-promotion,-
carrefoursa.csv,Filiz Boncuk Makarna 500 g,"23,95 TL",https://www.carrefoursa.com/filiz-boncuk-makarna-500-g-p-30095264,-
carrefoursa.csv,Kokteyl Domates kg,"79,90 TL",https://www.carrefoursa.com/kokteyl-domates-kg-p-30088002,-
carrefoursa.csv,Filiz Fiyonk Makarna 500 g,"23,95 TL",https://www.carrefoursa.com/filiz-fiyonk-makarna-500-g-p-30097182,-
carrefoursa.csv,Coca-Cola Zero Sugar 6X250 ml Kutu,"139,00 TL",https://www.carrefoursa.com/coca-cola-zero-sugar-6x250-ml-kutu-p-30217095,-
carrefoursa.csv,Dimes Şeftali Nektarı 200 ml Tetra Paket,"15,00 TL",https://www.carrefoursa.com/dimes-seftali-nektari-200-ml-tetra-paket-p-30089822,-
carrefoursa.csv,Mila Su 5 Lt,"37,95 TL",https://www.carrefoursa.com/mila-su-5-lt-p-30388515,-
carrefoursa.csv,Carrefour Yumurta 30'lu M Boy,"135,60 TL",https://www.carrefoursa.com/carrefour-yumurta-30-lu-m-boy-p-30239970,-
carrefoursa.csv,Çarliston Biber kg,"34,90 TL",https://www.carrefoursa.com/carliston-biber-kg-p-30012953,-
carrefoursa.csv,Yudum Ayçiçek Yağı 4 Lt,"379,90 TL",https://www.carrefoursa.com/yudum-aycicek-yagi-4-lt-p-30254360,-
carrefoursa.csv,Mantar 300 g,"59,90 TL",https://www.carrefoursa.com/mantar-300-g-p-30179267,-
carrefoursa.csv,Selpak Havlu Dev Rulo Tekli,"42,90 TL",https://www.carrefoursa.com/selpak-havlu-dev-rulo-tekli-p-30383165,-
carrefoursa.csv,Sarıkız Doğal Maden Suyu 6 X 250 ml,"59,00 TL",https://www.carrefoursa.com/sarikiz-dogal-maden-suyu-6-x-250-ml-p-30386026,-
carrefoursa.csv,Nar kg,"99,90 TL",https://www.carrefoursa.com/nar-kg-p-30054444,-
carrefoursa.csv,Carrefour Pastorize Süt 1 L,"38,90 TL",https://www.carrefoursa.com/carrefour-pastorize-sut-1-l-p-30373694,-
carrefoursa.csv,Coca-Cola 6X250 ml Kutu,"139,00 TL",https://www.carrefoursa.com/coca-cola-6x250-ml-kutu-p-30217094,-
carrefoursa.csv,Kereviz Yapraklı Kg,"69,95 TL",https://www.carrefoursa.com/kereviz-yaprakli-kg-p-30024433,-
carrefoursa.csv,Coca-Cola Zero Sugar 250 ml Kutu,"44,00 TL",https://www.carrefoursa.com/coca-cola-zero-sugar-250-ml-kutu-p-30022134,-
carrefoursa.csv,Starking Elma kg,"79,90 TL",https://www.carrefoursa.com/starking-elma-kg-p-30032860,-
carrefoursa.csv,Sivri Biber Kg,"34,90 TL",https://www.carrefoursa.com/sivri-biber-kg-p-30013546,-
carrefoursa.csv,Kapya Biber kg,"109,90 TL",https://www.carrefoursa.com/kapya-biber-kg-p-30096974,-
