Rank,Hashtag,Count
1,#madridfelinerosllenosde,2
2,#starbuckspikeplace,"5,118"
3,#boobsgoals,611
4,#patbelasready,229
5,#bawalclaudia,"1,371"
6,#cemilanptkenak,172
7,#kosmetikoriusa,380
8,#ingredientidiqualita,"1,353"
9,#nbcreamagent,32
10,#luksuzno,"5,597"
11,#georginacampbell,"5,679"
12,#tacomabride,"9,663"
13,#sekolahramahanakpamulang,208
14,#cursosdeveranosinaloa,154
15,#tricepstretch,"1,704"
16,#swingingbridgereservoir,207
17,#crossfitfrederikshavn,"3,472"
18,#contabilidadcolombia,"6,172"
19,#fingerpiercing,"11,546"
20,#henryfirth,243
21,#followcornelia,"1,765"
22,#cakesformum,"15,116"
23,#phoneographershub,52
24,#ncigjoeflizzow,36
25,#tasketaskediri,213
26,#coloriinvernali,"10,583"
27,#vocedasilva,769
28,#miamifamilies,"5,839"
29,#jerseybolagradeorimurah,"10,386"
30,#showoffyourskills,"3,343"
31,#talksex,"1,776"
32,#bourboncoffee,"12,224"
33,#freilichttheater,"13,484"
34,#lukisjaketjogja,"1,638"
35,#meetmyfeetph,608
36,#lukeposner,175
37,#eyelasheselise,689
38,#goodbyenganggur,"10,530"
39,#telekungreadysolat,339
40,#familydollarsavingmoney,17
41,#artgallerybrisbane,"4,462"
42,#spotonambassador,92
43,#insyaallahlulusyes,"1,784"
44,#delcosalon,"8,657"
45,#sanisidrolimaperu,"3,203"
46,#portraitpakistan,"6,032"
47,#jacketparasutjoma,209
48,#newdesignbags,465
49,#fietssaojose,742
50,#rozcountry,"2,370"
51,#alligatorjuniper,"1,921"
52,#billardtisch,"2,068"
53,#seragamkerudung,"3,368"
54,#miacorvere,"15,254"
55,#doubledeliciousness,777
56,#virgofact,"2,975"
57,#setkuashellokitty,796
58,#queenurvashirautela,709
59,#botamontaria,"18,367"
60,#thelassocompany,78
61,#rokbungamurah,815
62,#nzstore,"4,819"
63,#jualkyliekosmetikori,14
64,#prunusavium,"7,954"
65,#buschbeer,"33,390"
66,#rocksgroupantigua,325
67,#populace,"5,730"
68,#psyjane,"1,067"
69,#kaoscowokterlaris,488
70,#merthan,"17,305"
71,#jashujanroksby,10
72,#jualhormonestrogen,34
73,#colarrodio,"1,952"
74,#ripkidvillain,425
75,#campuskaraoke,278
76,#mukenapradatimbul,136
77,#batikcouplekeluargamodern,389
78,#newyearhairstyle,"5,541"
79,#paketikangoreng,412
80,#bruneiteamfsl,106
81,#trendinguttarakhand,651
82,#chupitosgratis,"2,266"
83,#agenertosjakarta,"1,380"
84,#codareaselamaperakkedah,241
85,#balderncastle,605
86,#teamqee,53
87,#citateljicepisu,49
88,#platecantik,"1,916"
89,#vrijeschooldingen,"10,115"
90,#drsippy,405
91,#mahdapekalongan,"3,022"
92,#ecolocandatirolese,"1,215"
93,#naturepage,"23,891"
94,#prelovedjakartamurahmeriah,"3,759"
95,#caspe,"40,559"
96,#gamistangerangkota,"1,361"
97,#tothebitterend,"4,952"
98,#besttile,"6,580"
99,#patthaya,"2,701"
100,#photographycompetitions,"7,931"
101,#pomeraniansofdubai,961
102,#euamoleitura,"11,941"
103,#rakhiyal,"4,490"
104,#wujudkankaryakalian,"2,431"
105,#boodywear,"4,099"
106,#silverpearls,"12,095"
107,#maquiagemamarela,"16,855"
108,#cheesetartbandarenstek,427
109,#vasenhighlight,"2,898"
110,#weddingphot,"15,299"
111,#segiempatbellalasercut,516
112,#clasesgraduandas,836
113,#taskulitpadang,344
114,#bolsachique,"15,232"
115,#customsoftplastics,"8,835"
116,#kodinremontti,"1,930"
117,#pigmentosrbkollors,"23,464"
118,#ambwdate,"1,007"
119,#pinefurniture,"40,094"
120,#roupascasuais,"14,234"
121,#ormondbeachflorida,"9,944"
122,#crazytrapbeat,349
123,#harbininstituteoftechnology,"33,308"
124,#giordanigoldparfum,664
125,#jualbelitanahbandung,"1,948"
126,#fateberserker,"1,707"
127,#hibgo,"2,612"
128,#motivacionemprendedora,"37,486"
129,#cuerposfit,"9,589"
130,#diskondompetmurah,72
131,#sexymann,"2,596"
132,#babysafestainlesscup,44
133,#sditashabulkahfi,384
134,#coklatberkualitas,"1,166"
135,#talleressantavida,"1,508"
136,#smiledr,"1,295"
137,#pagarnusacepu,"9,457"
138,#ietsanders,"5,179"
139,#tinacarter,"1,802"
140,#sedaerrivertubing,"5,371"
141,#rochiipentrununta,790
142,#hermescertified,404
143,#likerig,707
144,#travelingcoach,"4,332"
145,#tributariescable,239
146,#danilotasco,"1,769"
147,#campodeconcentracion,"10,575"
148,#germanshorthairpointerpuppy,"5,598"
149,#natacaocaruaruaulas,327
150,#maisqueartemarcial,134
151,#kepitinghouse,"9,386"
152,#pemborongpenperfumemurah,553
153,#grosirmanikmanik,711
154,#apexevosquad,813
155,#neolutions,532
156,#bawalmalascottoninnerbertali,21
157,#setphoto,"14,085"
158,#arthurpjacobs,480
159,#anilkapoorfan,"1,044"
160,#hobbiesbetta,"2,030"
161,#kafeinstagramablebantul,140
162,#wearethebeautymakers,"3,316"
163,#camocollection,"5,104"
164,#creativecross,295
165,#seventhhanddesign,491
166,#theashleycooperteam,"2,011"
167,#joshuafatu,"4,328"
168,#botolminumtransformers,92
169,#inspirasiweddingjawa,"5,487"
170,#sewaroom,"4,161"
171,#takahislowcookerbestprice,42
172,#odatakimi,"13,566"
173,#sehattentremklaten,150
174,#contovenditabambini,"1,995"
175,#sportseventindonesia,292
176,#horsemedicine,"28,325"
177,#sosserum,"6,334"
178,#drinkcraftbeeronly,"4,989"
179,#choxmoist,43
180,#bukukolprimurah,258
181,#sanidadparatodos,"1,182"
182,#wischlingen,"3,351"
183,#popularairsoft,"16,661"
184,#gastronomiavalluna,482
185,#ndim,"9,134"
186,#microneedlingreno,60
187,#stromspeicher,"14,193"
188,#anakanjingminimaltese,5
189,#bohobodyscrub,62
190,#jogernatnetnot,481
191,#rosaherbalskincare,"6,145"
192,#bubukicecreambuah,131
193,#polishfashionblogger,"4,436"
194,#immunedisease,"4,979"
195,#motormickeymurah,"1,102"
196,#naturalinteriordesign,"5,080"
197,#smallbusinesscleveland,"5,437"
198,#barreirinhacuritiba,"1,871"
199,#totmataro,"5,642"
200,#commercialrealestatefinance,"2,726"
201,#comradery,"23,034"
202,#lijntekening,"23,420"
203,#odditiescollectors,"2,142"
204,#islamtidakmemprovokasi,2
205,#cypresscookies,"9,226"
206,#kingbale,178
207,#segurosenlaflorida,853
208,#orenparaterminarconelaborto,81
209,#barcelonaloversclub,"8,159"
210,#columbusbalayage,"13,063"
211,#stayathomestyle,"16,875"
212,#suppliyersidoarjo,923
213,#bigohotindo,33
214,#invernu,806
215,#waktuknyakitasahur,94
216,#amazonkeratin,"28,796"
217,#matrimonioaterracina,916
218,#kacamatalkmixed,39
219,#bonekabandunh,68
220,#portalliriosdocampo,356
221,#baitizania,"1,143"
222,#topupcoinjoylivemurah,410
223,#striveindonesia,"4,586"
224,#goianiaeventos,"3,411"
225,#krayanselatan,778
226,#isabelangelica,"2,131"
227,#makamhajikartasura,"3,700"
228,#capoeiraespanha,"1,805"
229,#thesavoyhotel,"6,874"
230,#darkskingirlskillingit,"8,114"
231,#mexicanbeefpizza,159
232,#burgioracing,229
233,#tulisancafe,"2,376"
234,#spirer,"19,212"
235,#lifewithbabies,"20,712"
236,#casablancaweddingservice,723
237,#gloxyscollection,33
238,#kodakblakk,43
239,#farmasielaz,41
240,#hotspotinthealps,"4,941"
241,#thewayofthearchangel,258
242,#rebornbabycute,260
243,#governodaparaiba,"13,571"
244,#minklashesdurham,477
245,#professionalmastery,688
246,#shermanbrothers,"6,479"
247,#dluk,"1,558"
248,#wintersprint,"2,507"
249,#meninrope,"10,401"
250,#feedyourimagination,"14,410"
251,#livehashrosin,"7,029"
252,#mogadipermudahkan,"35,402"
253,#jca,"84,875"
254,#lubedistributingoilinmumbai,98
255,#ginecologistagoiania,"8,627"
256,#soutodemoura,"12,244"
257,#quatangdoanhnghiep,"38,018"
258,#colombiacompraeficiente,"1,853"
259,#ijmstrandhuys,142
260,#rokplisketbatikjogja,116
261,#cachorrosengracados,"18,412"
262,#khimarwinas,20
263,#goreebeautycream,"5,272"
264,#funnyspiritual,"3,387"
265,#enkeioriginal,"2,343"
266,#istikurtka,226
267,#yosoymrhome,"3,318"
268,#bilingualdriver,"2,068"
269,#codareakotabahru,702
270,#loeypark,"13,430"
271,#mascheracarnevale,"3,693"
272,#punefoodproduct,41
273,#wigsfortrichotillomania,779
274,#plikofooldingboosterseat,68
275,#bridgeoflions,"13,821"
276,#grosircelanachinoanak,"1,109"
277,#veterinariasunam,47
278,#londoninstinct,"2,070"
279,#batugiokbaubausulawesi,9
280,#galerianovabarao,"10,198"
281,#kasurpompatraveling,11
282,#concentratesupplyco,"4,058"
283,#grosirpkumurahbanget,"2,832"
284,#wawacosmeticsarawak,"1,660"
285,#juventuenecimento,117
286,#jyotibro,103
287,#promoblackgarlick,65
288,#umandarudecemberpromo,84
289,#kokorolearningcenter,567
290,#6fanart,"6,263"
291,#perioddesign,"3,764"
292,#speakbahasaindonesia,629
293,#indianturism,"7,552"
294,#doorgiftselangormurah,375
295,#libertytavern,"9,076"
296,#shortthrow,"5,763"
297,#testconducir,611
298,#igerspalazzoloacreide,"1,931"
299,#docestropical,"8,481"
300,#sarasotaweddingplanner,"16,990"
301,#robynschneider,"5,042"
302,#turbosession,"4,007"
303,#jualtasdumai,"1,809"
304,#caramembuatcoklatputih,54
305,#eyelashjelambarbaruraya,166
306,#mutethenegative,505
307,#nowaricanduva,440
308,#kedilerisevin,"26,036"
309,#agardenisneverfinished,265
310,#tamilnadubeauties,"4,685"
311,#jaxmuaythai,"2,452"
312,#malaysiasextoys,"1,370"
313,#gallionsreach,"3,422"
314,#tripconte,204
315,#stephaniesosa,428
316,#yogaisunionwithgod,615
317,#polaroidsemarangmurah,"8,049"
318,#payungstandarpromosi,630
319,#pusatbelanjabatikonline,"1,861"
320,#isherinails,"5,200"
321,#mediamangatattoo,"3,333"
322,#planetvenus,"14,488"
323,#clovismomsfitness,80
324,#jeansbudakperempuanmurahmalaysia,784
325,#harnesslife,"4,081"
326,#bioplanet,"12,684"
327,#tokyomanliquid,906
328,#propertidiyogyakarta,465
329,#terbesardimalaysia,"15,617"
330,#vespagrey,789
331,#iberostargrandbavaro,"9,826"
332,#portabispersonalizado,"4,447"
333,#bewareoffakeresisters,263
334,#voodootrash,551
335,#matteobranciamore,"2,397"
336,#gucciperfumes,"6,566"
337,#encontroreggae,31
338,#decocar,"9,991"
339,#possumtattoo,"5,080"
340,#readylikebekas,160
341,#heleneudy,827
342,#donatbukittinggi,"4,966"
343,#kaoscouplejangkar,"2,280"
344,#organicpork,"11,435"
345,#grindnow,"20,871"
346,#hennaloungepresets,"1,998"
347,#sandiegoburlesque,"10,727"
348,#autorskamalba,236
349,#thankyoudaytoday,9
350,#balibridesmaidmakeup,"5,980"
351,#detskyfotograf,"9,630"
352,#kaosbrandedsolo,"3,717"
353,#bahrainartists,"22,368"
354,#attheshop,"18,084"
355,#kungfuclub,"2,489"
356,#pouchtahanair,129
357,#institutodelcoctel,842
358,#gracewardle,60
359,#funniestmemeever,"1,422"
360,#dokterkulittangerang,"1,794"
361,#norasnurseryindonesia,70
362,#trophytuesday,"11,623"
363,#sewaprojektor,"2,378"
364,#labelundanganjogja,603
365,#cincillalove,408
366,#cmaryterengganu,98
367,#cetakbenderabali,26
368,#jaktcocker,"43,028"
369,#madisandkite,162
370,#wireword,"10,883"
371,#litcardio,"9,625"
372,#veraomaior,"1,293"
373,#nevergoingbackhawa,56
374,#visitcappadocia,"41,227"
375,#vinnaithandivaruvaiya,315
376,#jepitkoreapalembang,498
377,#davidhunter,"6,600"
378,#nochmalaufdiebretter,31
379,#odereje,247
380,#soapcrafts,"2,730"
381,#kentsmallbusinessowner,"5,096"
382,#robertmlong,47
383,#tripexplorebandung,276
384,#karaokelover,"3,349"
385,#oilpaintinginprogress,"9,691"
386,#lareinadelcarnaval,"1,566"
387,#inegalite,"2,356"
388,#staygdup,"7,852"
389,#parkavenueprivate,768
390,#sepatuanaklampuimport,"3,541"
391,#mirandakonstantinidou,"23,363"
392,#packagingsidoarjo,"1,267"
393,#verlassenabernichtvergessen,"16,425"
394,#grayrxart,268
395,#walltowallcarpet,"14,602"
396,#bobvylan,"3,564"
397,#elderlawattorney,"7,546"
398,#dreamdiamond,"4,526"
399,#noiceravamo,"20,689"
400,#nicolettegrayeditingbase,354
401,#vansskool,795
402,#rukuhalasantri,145
403,#megahairbarradatijuca,"4,739"
404,#bandanabrukat,817
405,#lashesvender,"2,403"
406,#kadowisudadumai,"1,156"
407,#contrabaixoastral,"3,580"
408,#headsetstraykids,8
409,#babystrollersurabaya,291
410,#budvawedding,"2,155"
411,#knotlessbraidsraleigh,"1,479"
412,#indonesiatrekkingcompany,474
413,#glowmakeuplook,"32,039"
414,#greyblhuewhite,148
415,#organizeddrawers,"6,447"
416,#flipkartshopping,"6,882"
417,#willofd,"12,025"
418,#conjuntoreveillon,"6,350"
419,#mosmandaily,"6,129"
420,#barisaduc,137
421,#taswanitabali,768
422,#fisicacomrenatinha,57
423,#dirjenebtke,267
424,#sllashanddoppe,304
425,#texasfloodrocknblues,548
426,#fossilemmawallet,"5,500"
427,#nirvanalive,"20,286"
428,#festivaloutfitinspo,"13,129"
429,#otakuculiado,35
430,#coatgoat,"1,325"
431,#cincinnaibpermata,"3,442"
432,#dietsehatomg,178
433,#pengamanlututmurah,23
434,#onitsukabatam,790
435,#naomikurung,596
436,#bajukondanganseragam,297
437,#tinybikinis,"5,263"
438,#ieltswritingcorrectionservice,885
439,#foundationsofyoga,"6,241"
440,#jaydayoungantypebeat,"1,768"
441,#collini,"5,136"
442,#sofapekalongan,"4,247"
443,#taglipazziparrucchieri,420
444,#resellermostwelcome,"5,055"
445,#makinmakinmakin,98
446,#tiffanyandcompany,"24,187"
447,#kullamannen,"16,101"
448,#dcshoeplug,57
449,#servicesparks,67
450,#kenqurubaku,"7,507"
451,#galoparadise,"11,260"
452,#eldersburgsalonandspa,156
453,#traumvomeigenheim,"29,720"
454,#kaktustengaran,316
455,#instrumentalstore,"1,201"
456,#flottieljezeilen,"2,693"
457,#saintsebastien,"28,340"
458,#philadelphiadance,"8,337"
459,#officecollcetion,47
460,#narkar,215
461,#jumpsuithijabmurah,"2,785"
462,#cannabiscosmetics,"3,808"
463,#hallofkings,"1,983"
464,#voalscarfpurwokerto,520
465,#warmheartstudios,63
466,#excideuil,"4,205"
467,#rosebearsg,193
468,#khagrachari,"16,665"
469,#dookybraids,"2,716"
470,#nordickarpet,480
471,#otcasting,"3,300"
472,#vegaaninenkosmetiikka,"3,446"
473,#contemporaryjapanesearchitecture,445
474,#bananarun,"5,378"
475,#doorgiftmajliskawin,"2,487"
476,#quartetoconvida,270
477,#vanessaguzman,"8,583"
478,#losangelescountytermites,17
479,#gorillapodslrmurah,232
480,#mantaparabebe,"19,513"
481,#mascaraalistermurah,14
482,#collagensinergy,462
483,#robloxgroups,"1,345"
484,#sarnialocalbussiness,69
485,#hikingdaily,"24,630"
486,#scultoreparkeunsun,85
487,#contemporarypaintingartist,"19,108"
488,#sobellamurahmurah,161
489,#bajuanakperempuananakmurah,"2,127"
490,#fortnitethumbnailsforsale,"1,355"
491,#houstonkidsthronechairs,291
492,#weddingsinnaija,"90,631"
493,#setelanokbggirl,463
494,#miamipuppy,"20,759"
495,#dogueattire,85
496,#chikichubakiloan,25
497,#pgavillage,"3,727"
498,#haryanvigirl,"9,309"
499,#alatukirsayur,67
500,#pattayadestinationweddings,681
501,#boobsfordaysss,836
502,#rashmonimathur,421
503,#itsnotarace,"20,697"
504,#outfitsnagitaslavina,444
505,#satriamudatransport,"6,296"
506,#celanasbymurah,870
507,#thecompleteplanning,172
508,#nomakeupchallenges,629
509,#farmhousenursery,"9,769"
510,#friendsinqatar,420
511,#counselinglouisiana,200
512,#dairyblock,"15,475"
513,#vapingbrasil,947
514,#raindropsdroptops,"2,275"
515,#kiddiesitems,"5,362"
516,#makandirumahaja,"25,187"
517,#candytheclownesse,3
518,#jegskalgiftes,"4,606"
519,#mountainjam,"25,574"
520,#desifoodlovers,"5,852"
521,#isiheliumsurabaya,259
522,#radtrain,"6,834"
523,#cinepsycho,301
524,#helloselvio,908
525,#kueultahcileungsi,"2,044"
526,#aksesorissurakarta,288
527,#ujianukmppd,"1,179"
528,#kratikaajaisengar,"1,143"
529,#semipermanentmakeupindonesia,75
530,#boobsofsuicidegirls,"4,423"
531,#defensacivilsomostodos,828
532,#varundhawanmemes,"5,065"
533,#instafootlove,"10,092"
534,#pelangsingtubuhrecomended,115
535,#premiumcarsurabaya,787
536,#lilinsouvenir,"2,476"
537,#swittermurahbandung,"1,507"
538,#arisbrows,387
539,#boobsforlife,"3,286"
540,#jualkadocowo,804
541,#jualkhimarpremium,"2,055"
542,#priyankachopraupdates,308
543,#hairextensionssussex,"3,163"
544,#themazerunnermeme,"1,227"
545,#razemmozemywszystko,"2,796"
546,#nasipadangkotak,142
547,#lacekurungmurahmalaysia,"2,847"
548,#melbourneagency,"17,439"
549,#resepivideo,69
550,#restaurantesenvalencia,"19,998"
551,#mutluolmakicinkucukseyler,"12,133"
552,#handmadeofootwear,578
553,#eyelasheskorea,"4,071"
554,#overalsalurmurah,216
555,#vespaclubofbritain,"1,280"
556,#jualrendamkaki,74
557,#bautlugnut,609
558,#cannabisjourney,"2,616"
559,#tariantraditional,"2,768"
560,#linoefrancesca,46
561,#sussexshutters,647
562,#credendariaranceri,"1,125"
563,#captainprithvisdagar,277
564,#knotlessbraidsmiami,"25,478"
565,#macaronituna,723
566,#thanhlysaigongiare,"3,782"
567,#logodesignworldwide,"11,293"
568,#vegandoncaster,"1,147"
569,#rahasiamakeupglowing,211
570,#icsansalvo,"4,132"
571,#disneyportrait,"9,976"
572,#jastiprestuanggraini,"1,703"
573,#zoukfusion,"1,421"
574,#beautifulapartmentsnyc,369
575,#zirakpurphotographer,97
576,#confiarendios,"25,043"
577,#hangtenhawaii,90
578,#kidneydialysis,"7,265"
579,#jualcaseoneplusx,348
580,#fotografweissenhorn,601
581,#kebohonganecoracing,82
582,#humboldtdogs,"3,776"
583,#konveksibajubusui,"2,008"
584,#tiako,"3,330"
585,#agenpemutihbadandanwajahbandung,"1,157"
586,#photographsunmori,31
587,#mattryanreal,"2,770"
588,#budoniwelcome,"5,578"
589,#fourrosesdistillery,"6,401"
590,#letourprayersriseup,139
591,#picenodascoprire,"11,170"
592,#sofiesscoopsgelato,475
593,#tendalilpony,42
594,#travelbusinessnetworking,"2,797"
595,#udanegotygodnia,"2,653"
596,#sonynz,"25,581"
597,#volkspolizei,"4,023"
598,#lancomehypnosedrama,"1,744"
599,#rishikeshcamping,"11,412"
600,#duzentertip,267
601,#jeparaindahbna,283
602,#trulookskuantan,"1,415"
603,#mundomasters,"5,845"
604,#illawarratanning,567
605,#helladank,"5,661"
606,#birthdaydressbaby,"2,347"
607,#unicorninthewoods,"3,459"
608,#cholocarshop,24
609,#sifnoscayennerestaurant,"2,561"
610,#lazarbeamfanpage,37
611,#mostart,"2,427"
612,#vetvoy,184
613,#talentoshowdance,550
614,#mejuripartner,"52,971"
615,#heureuykeun,962
616,#imimonimavernikia,695
617,#calimakeupartist,"12,228"
618,#spettacolinpuglia,312
619,#primadermasumatra,16
620,#australiancollege,"3,833"
621,#suggiehouse,"2,213"
622,#sewabuswonogiri,"1,141"
623,#showyourtruecolors,"29,356"
624,#hampersgalantine,"2,934"
625,#microderma,"8,030"
626,#amazingeurope,"39,100"
627,#dokterpenyakitdalam,"8,628"
628,#travelgirlspakistan,"34,886"
629,#heavydutymaterial,287
630,#parentsxmxl,"3,850"
631,#agendacustommurah,176
632,#emiratespalaceabudhabi,"8,647"
633,#fitnessmodellife,"1,938"
634,#everythingboxy,313
635,#jackoscarstatham,"3,554"
636,#seragamkemejatoko,444
637,#prunesforlife,"3,694"
638,#bisjadul,958
639,#obatgataleksimkering,624
640,#millimeterwaves,427
641,#klubkidsnewcastle,"1,933"
642,#troymcclure,"5,093"
643,#venerdi17,"35,408"
644,#jualshihtzubetina,"1,013"
645,#grampiansnationalpark,"66,389"
646,#cupangpkfancy,"2,860"
647,#taskecesolo,"10,469"
648,#hansanitizer,"3,066"
649,#tupperwarepurple,"1,768"
650,#corsidanzaroma,477
651,#lakewoodmoms,"4,841"
652,#eyesmilecouple,"3,328"
653,#wesleychapelfamilyphotographer,"1,593"
654,#stikernamainfinity,"2,533"
655,#profilaxisdental,"66,978"
656,#liveaectionofaladdin,27
657,#boobsallover,139
658,#sanayak,10
659,#dekormantenmalang,"1,458"
660,#sampurngyanhindi,175
661,#passionanimals,"1,760"
662,#maraschinocherries,"18,667"
663,#sarungadat,"8,078"
664,#japaneseimperials,"1,016"
665,#boobsize,859
666,#ritmix,"10,395"
667,#straightoutthejungle,"3,496"
668,#jualjaketseken,"3,461"
669,#connectibadanweddings,"2,976"
670,#ojasrawchocolate,"1,650"
671,#campinafactofy,111
672,#monstrosmuaythai,"1,453"
673,#triadanimecon,"9,394"
674,#strangecurry,225
675,#jastiptpmall,850
676,#bagerskiradovi,94
677,#guarderiaparaanimalesbarcelona,217
678,#minhaviagemlivre,"15,798"
679,#bestofferheets,8
680,#lesjogjamurah,"4,420"
681,#kabayansinqatar,87
682,#edelweissoutdoorbojonegoro,186
683,#reflexionesdedomingo,"10,289"
684,#polantaspalembang,908
685,#vsoriginalreject,103
686,#lalitacreationsmumbai,"1,329"
687,#vempraprime,"35,748"
688,#tvlnysquad,251
689,#blurrytaper,"4,244"
690,#olshopsumaterabarat,"7,456"
691,#jamskersibisco,8
692,#requejovalelapena,347
693,#barbiecomunnity,962
694,#pagarnusajakarta,"11,687"
695,#visitwirral,"7,605"
696,#maskerrespirator,"1,730"
697,#theraikarcase,"6,329"
698,#manchestereyelashes,"3,668"
699,#kaosanakimlek,702
700,#boobspillage,349
701,#qualidadesexual,532
702,#mahendimurah,"6,347"
703,#emersonfasthelmet,314
704,#navegantespsi,609
705,#poterefemminile,"8,977"
706,#dicasouropretomg,"1,136"
707,#jualcupangfancy,"4,875"
708,#learntoliveintheflow,31
709,#juragankapal,219
710,#fragaddict,"25,145"
711,#merchaindisekpop,307
712,#roomserviceairsoft,"1,091"
713,#itsnotmagicitsdogtrainingdoneright,228
714,#sewaboothkayu,222
715,#saccounty,"13,600"
716,#watercoloreffect,"24,737"
717,#kucingpersiaponorogo,632
718,#secondisthenewfirst,"3,918"
719,#johannesburgweddingphotographer,"15,590"
720,#souvenirperlengkapansekolah,146
721,#tripmurahbandung,"1,827"
722,#theherbalclub,16
723,#perthshops,"13,623"
724,#jackworks,25
725,#globexperformance,"22,060"
726,#zabania,"2,609"
727,#jastipeurekaoriginal,95
728,#grosircasemurahsemurahsemurah,447
729,#kembalikepadaallah,"6,404"
730,#boobsgarage,102
731,#croatianblogger,"18,936"
732,#annaemcnultyfan,"1,881"
733,#wwactivitypoints,"9,204"
734,#filmsuperhero,"2,235"
735,#agenkasurmalang,180
736,#malearmpit,"19,514"
737,#sanggarbimbeldm,"1,243"
738,#jeddahphotographers,"3,023"
739,#layananakikahbogor,314
740,#shishacafesurabaya,540
741,#funnypackaging,993
742,#pisangcheeseselambak,221
743,#boyolalibmx,362
744,#palhacodehospital,"8,819"
745,#printedtudung,"8,197"
746,#clubatleticosanlorenzodealmagro,"3,707"
747,#jamtangannaviforceori,343
748,#gerlonggirang,900
749,#kretivhediyyeler,60
750,#followmetravel,"6,953"
751,#jualiphonexpluscase,286
752,#jeonginedits,"33,801"
753,#travelgirlsgetaway,"2,046"
754,#fosslileather,126
755,#megabloksbayi,114
756,#theredstonehotchilicompany,60
757,#richbmc,"1,485"
758,#floristowentonky,"1,347"
759,#telebeheyati,"2,901"
760,#jaketcombi,"2,116"
761,#luznomundomovement,61
762,#prefeituraouropreto,622
763,#foodcartsportland,"5,318"
764,#livemoveson,"1,297"
765,#manuelaschikorsky,"1,066"
766,#degustazionedivino,"1,350"
767,#bucktailjigs,"14,013"
768,#flowergirlmurah,171
769,#bajumaxigrosir,"5,810"
770,#ajudamonografia,"1,389"
771,#beritanegeri,358
772,#celanawjeans,11
773,#bimbelpolrioke,865
774,#cuirchevelu,"19,918"
775,#dragonballsexy,537
776,#tribalpendant,"2,896"
777,#vemcomhilda,"1,192"
778,#fangen,"14,621"
779,#oty,"29,171"
780,#naishahijab,"6,597"
781,#teamforst,582
782,#layananakikahterbaik,314
783,#dalhousietrip,"4,331"
784,#kaelarmy,"3,991"
785,#browznbeauty,"6,753"
786,#pizzaroyalty,"1,446"
787,#memberjaframagelang,768
788,#walshtx,"1,508"
789,#informationplanet,"6,954"
790,#carstop,"11,929"
791,#publicoinfantil,"4,371"
792,#mulanfanart,"9,217"
793,#salessuzukijakarta,809
794,#stivesapricotfreshskin,614
795,#islemleri,863
796,#kulitmenawan,"10,601"
797,#createwithme,"30,736"
798,#avaliacoes,"10,753"
799,#fuzhouniversity,164
800,#clumberlove,"5,511"
801,#lionparceldenpasartangkubanperahu,80
802,#stokgaia,80
803,#kurungminifishtail,"4,061"
804,#brouge,"5,518"
805,#visitforchheim,"2,507"
806,#kursirotancafee,791
807,#suplementwajahcantik,70
808,#sydneyfoodaddicts,"8,246"
809,#dawnreginaporras,851
810,#hondenliefhebbers,"11,042"
811,#gaspendaki,25
812,#enrigacaodepastagem,93
813,#jualftp,"5,802"
814,#sprekenvoorpubliek,"1,983"
815,#houseplantsph,"73,868"
816,#brentemandler,"6,212"
817,#kaosuprightbandung,594
818,#gaunpestamuslimahbrokat,998
819,#fashioncolorextraordinaire,381
820,#supplierjilbabsegiempatmurah,773
821,#terapikecemasan,658
822,#iepunkflea,912
823,#movepassionatelymovesavagely,48
824,#setcombojimatnuno,"1,072"
825,#bandcampcodes,"3,132"
826,#jualhairclipduri,901
827,#sandritacakes,462
828,#nationalsecuritycouncil,"1,178"
829,#blakelangermann,"2,676"
830,#produccionesdigitales,594
831,#pracovninasazeni,"7,788"
832,#waduhbisalumpuhgue,854
833,#bartenderlisa,748
834,#jagadguruttamdham,383
835,#beanbagsmall,27
836,#fifeanddrumcorps,"2,102"
837,#silkpressclt,"3,895"
838,#hijossanos,"16,628"
839,#sagamiindonesia,738
840,#queering,"6,727"
841,#istanbulairporttaksi,69
842,#ikanguppyindo,"1,862"
843,#jualtopleskeripik,92
844,#photographydecor,"3,938"
845,#sabyasachisarees,"2,312"
846,#agereverseandglowingserum,408
847,#hijabpurbalinggamurah,"3,460"
848,#opcdriversswitzerland,"1,069"
849,#chattanoogafitness,"9,733"
850,#kpopblockparty,"22,443"
851,#animeanother,"5,666"
852,#tokoitemmurah,8
853,#kainkonveksimurah,"1,198"
854,#vacantescali,579
855,#satanpetitcoeur,846
856,#manoula,"7,431"
857,#soprogresso,"26,943"
858,#melanz,"29,497"
859,#rastreieseucarro,393
860,#vapecape,"1,163"
861,#planetcasemurah,79
862,#styrofoampotongbanjarbaru,"2,183"
863,#trendsekarang,"5,598"
864,#setbajutunang,"3,103"
865,#feedinwithcurls,"2,293"
866,#ifanseventeenlovers,40
867,#dragisvalid,306
868,#katespadeadaira,364
869,#kueslogohimo,87
870,#tasserutpalembang,612
871,#pendaftarangrabindonesia,516
872,#onlyny,"65,317"
873,#prparisi,166
874,#khimarchiffonlayer,"1,169"
875,#stokcepatberubah,15
876,#kadkahwinsgpetani,324
877,#rumahcimanggubogor,327
878,#lostforestpack,859
879,#khomsa,"10,007"
880,#polskastylistka,"9,578"
881,#samilaprom,366
882,#oldnavytop,"1,528"
883,#eventsinnsk,110
884,#kaymanajil,331
885,#rksecond,221
886,#actresshotbody,"4,274"
887,#shopsmalleveryday,"13,327"
888,#fjellsnaret,"1,742"
889,#seagreeneyes,"1,823"
890,#fthina,831
891,#glamourartist,"1,217"
892,#kisahteladananak,193
893,#dedept,439
894,#theatrecostumes,"6,533"
895,#fshb,"2,235"
896,#leooisthebest,176
897,#gamisplisketmotifuntukbusui,19
898,#fifiabdouofficial,660
899,#fecoach,"15,134"
900,#dasterkaossby,218
